date,temp,feels_like,pressure,humidity,wind_speed,wind_deg,avg_rain,avg_snow,clouds_all,total_rain,total_snow,temp_min,temp_max,weather_Clear,weather_Clouds,weather_Drizzle,weather_Fog,weather_Haze,weather_Mist,weather_Rain,weather_Snow,weather_Thunderstorm,weather_broken clouds,weather_few clouds,weather_fog,weather_haze,weather_heavy intensity rain,weather_heavy snow,weather_light intensity drizzle,weather_light rain,weather_light rain and snow,weather_light snow,weather_mist,weather_moderate rain,weather_overcast clouds,weather_scattered clouds,weather_sky is clear,weather_snow,weather_thunderstorm,weather_thunderstorm with heavy rain,weather_thunderstorm with light rain,weather_thunderstorm with rain,weather_very heavy rain
2014-08-01,76.48541666666667,77.08166666666666,1019.5833333333334,68.25,6.435,157.16666666666666,0.25333333333333335,0.0,80.625,2.2800000000000002,0.0,71.11,74.93,0,1,0,0,0,0,1,0,0,1,0,0,0,0,0,0,1,0,0,0,0,1,1,0,0,0,0,0,0,0
2014-08-02,72.08624999999999,72.54458333333334,1019.375,77.70833333333333,3.5845833333333332,71.95833333333333,0.9400000000000001,0.0,78.375,8.46,0.0,63.19,66.11,0,1,0,0,0,0,1,0,0,1,0,0,0,0,0,0,1,0,0,0,1,1,0,0,0,0,0,0,0,0
2014-08-03,76.40541666666667,77.8175,1020.2916666666666,74.91666666666667,3.02125,70.5,0.18,0.0,80.0,0.9,0.0,67.86,70.83,0,1,0,0,0,0,1,0,0,1,0,0,0,0,0,0,1,0,0,0,0,1,0,0,0,0,0,0,0,0
2014-08-04,77.49600000000001,78.4564,1018.8,67.48,4.736000000000001,189.2,0.9585714285714285,0.0,63.8,6.71,0.0,66.09,69.73,0,1,0,0,0,0,1,0,1,1,1,0,0,1,0,0,1,0,0,0,0,1,1,0,0,0,0,1,0,0
2014-08-05,81.14999999999999,81.64874999999999,1017.25,58.875,2.63375,92.5,0.0,0.0,39.083333333333336,0.0,0.0,67.19,73.13,1,1,0,0,1,0,0,0,0,1,1,0,1,0,0,0,0,0,0,0,0,0,1,1,0,0,0,0,0,0
2014-08-06,77.53519999999999,78.4756,1014.2,65.0,7.320399999999999,202.4,1.7600000000000002,0.0,70.4,8.8,0.0,64.35,69.73,0,1,0,0,0,0,1,0,1,1,0,0,0,1,0,0,1,0,0,0,1,1,1,0,0,0,1,0,0,0
2014-08-07,78.63166666666667,78.7,1015.0833333333334,57.625,7.289583333333333,280.8333333333333,0.0,0.0,58.958333333333336,0.0,0.0,64.29,73.13,0,1,0,0,0,0,0,0,0,1,1,0,0,0,0,0,0,0,0,0,0,1,1,0,0,0,0,0,0,0
2014-08-08,76.70333333333333,76.41958333333334,1018.9166666666666,51.625,5.324166666666667,142.08333333333334,0.0,0.0,50.208333333333336,0.0,0.0,60.69,69.73,1,1,0,0,0,0,0,0,0,1,1,0,0,0,0,0,0,0,0,0,0,1,1,1,0,0,0,0,0,0
2014-08-09,77.21708333333333,78.04458333333334,1019.2083333333334,60.958333333333336,4.412916666666667,85.83333333333333,0.404,0.0,69.625,2.02,0.0,62.49,71.71,1,1,0,0,0,0,1,0,0,1,0,0,0,0,0,0,1,0,0,0,0,1,1,1,0,0,0,0,0,0
2014-08-10,78.915,79.56291666666667,1019.0,62.041666666666664,4.309583333333333,135.0,0.0,0.0,68.33333333333333,0.0,0.0,64.29,71.71,0,1,0,0,0,0,0,0,0,1,1,0,0,0,0,0,0,0,0,0,0,1,1,0,0,0,0,0,0,0
2014-08-11,77.14083333333333,77.68124999999999,1019.0416666666666,60.583333333333336,6.614999999999999,135.41666666666666,0.18,0.0,70.0,0.18,0.0,60.69,69.73,0,1,0,0,0,0,1,0,0,1,0,0,0,0,0,0,1,0,0,0,0,1,1,0,0,0,0,0,0,0
2014-08-12,74.35730769230769,75.17615384615384,1013.6153846153846,78.38461538461539,7.12423076923077,104.23076923076923,1.2774999999999999,0.0,88.84615384615384,25.549999999999997,0.0,69.69,73.13,0,1,0,0,0,0,1,0,1,1,0,0,0,1,0,0,1,0,0,0,1,1,0,0,0,0,1,0,0,0
2014-08-13,78.35791666666667,78.86125,1008.9583333333334,64.16666666666667,9.83125,250.41666666666666,0.0,0.0,64.375,0.0,0.0,71.49,73.69,0,1,0,0,0,0,0,0,0,1,0,0,0,0,0,0,0,0,0,0,0,1,1,0,0,0,0,0,0,0
2014-08-14,74.68333333333332,73.93833333333333,1013.25,48.625,8.294166666666667,247.08333333333334,0.0,0.0,33.875,0.0,0.0,57.09,64.13,1,1,0,0,0,0,0,0,0,1,1,0,0,0,0,0,0,0,0,0,0,0,1,1,0,0,0,0,0,0
2014-08-15,73.27416666666666,72.20458333333333,1015.2916666666666,41.791666666666664,7.1450000000000005,262.5,0.0,0.0,26.625,0.0,0.0,55.29,62.71,1,1,0,0,0,0,0,0,0,1,1,0,0,0,0,0,0,0,0,0,0,0,1,1,0,0,0,0,0,0
2014-08-16,75.16541666666667,74.2375,1016.1666666666666,45.666666666666664,5.5633333333333335,147.08333333333334,0.0,0.0,57.083333333333336,0.0,0.0,57.09,65.93,0,1,0,0,0,0,0,0,0,1,1,0,0,0,0,0,0,0,0,0,0,1,1,0,0,0,0,0,0,0
2014-08-17,77.86999999999999,78.5475,1013.4583333333334,58.125,6.617083333333333,192.91666666666666,0.15,0.0,64.83333333333333,0.15,0.0,62.49,71.71,1,1,0,0,0,0,1,0,0,1,1,0,0,0,0,0,1,0,0,0,0,1,1,1,0,0,0,0,0,0
2014-08-18,78.67041666666667,79.55541666666666,1012.6666666666666,58.25,5.702916666666667,105.83333333333333,0.0,0.0,73.95833333333333,0.0,0.0,67.89,73.13,0,1,0,0,0,0,0,0,0,1,1,0,0,0,0,0,0,0,0,0,0,1,1,0,0,0,0,0,0,0
2014-08-19,78.14625,79.23541666666667,1010.75,66.70833333333333,6.807083333333334,73.33333333333333,0.11,0.0,77.91666666666667,0.11,0.0,69.69,73.69,0,1,0,0,0,0,1,0,0,1,1,0,0,0,0,0,1,0,0,0,0,1,0,0,0,0,0,0,0,0
2014-08-20,78.4225,79.16083333333333,1014.125,62.875,6.185833333333334,142.5,0.32,0.0,68.125,0.64,0.0,66.09,73.13,0,1,0,0,0,0,1,0,1,1,0,0,0,0,0,0,1,0,0,0,0,1,1,0,0,0,0,1,0,0
2014-08-21,77.3125,79.15833333333333,1016.4583333333334,72.29166666666667,2.7795833333333335,87.08333333333333,0.9850000000000001,0.0,51.291666666666664,3.9400000000000004,0.0,64.29,71.35,0,1,0,0,0,0,1,0,0,1,1,0,0,0,0,0,1,0,0,0,1,1,1,0,0,0,0,0,0,0
2014-08-22,78.14208333333333,79.78041666666667,1015.5833333333334,73.58333333333333,4.600416666666667,149.58333333333334,0.33,0.0,79.375,0.9900000000000001,0.0,69.57,73.69,0,1,0,0,0,0,1,0,0,1,0,0,0,0,0,0,1,0,0,0,0,1,1,0,0,0,0,0,0,0
2014-08-23,74.19083333333333,74.96458333333334,1016.5416666666666,77.75,7.290416666666666,80.83333333333333,0.61,0.0,88.125,5.49,0.0,68.99,71.71,0,1,0,0,0,0,1,0,0,1,0,0,0,0,0,0,1,0,0,0,1,1,0,0,0,0,0,0,0,0
2014-08-24,74.02625,74.345,1019.9166666666666,67.375,7.53,54.583333333333336,0.0,0.0,78.54166666666667,0.0,0.0,64.29,67.75,0,1,0,0,0,0,0,0,0,1,0,0,0,0,0,0,0,0,0,0,0,1,1,0,0,0,0,0,0,0
2014-08-25,74.87541666666667,74.86458333333333,1021.2083333333334,60.208333333333336,5.561666666666667,50.0,0.0,0.0,50.833333333333336,0.0,0.0,60.69,66.67,0,1,0,0,0,0,0,0,0,1,1,0,0,0,0,0,0,0,0,0,0,0,1,0,0,0,0,0,0,0
2014-08-26,77.185,77.29791666666667,1021.0,58.666666666666664,4.219166666666667,147.08333333333334,0.0,0.0,42.916666666666664,0.0,0.0,58.89,66.67,0,1,0,0,0,0,0,0,0,1,1,0,0,0,0,0,0,0,0,0,0,0,1,0,0,0,0,0,0,0
2014-08-27,78.82166666666667,79.86541666666666,1017.6666666666666,64.04166666666667,3.642916666666667,101.66666666666667,0.0,0.0,16.958333333333332,0.0,0.0,62.49,69.73,1,1,0,1,0,0,0,0,0,0,1,1,0,0,0,0,0,0,0,0,0,0,1,1,0,0,0,0,0,0
2014-08-28,81.10458333333334,81.76333333333334,1014.2916666666666,56.375,9.494583333333333,302.5,0.0,0.0,30.75,0.0,0.0,73.29,75.67,1,1,0,0,0,0,0,0,0,1,1,0,0,0,0,0,0,0,0,0,0,0,1,1,0,0,0,0,0,0
2014-08-29,73.85375,73.2075,1020.625,48.541666666666664,6.617916666666667,93.33333333333333,0.0,0.0,33.416666666666664,0.0,0.0,55.29,64.69,1,1,0,0,0,0,0,0,0,1,1,0,0,0,0,0,0,0,0,0,0,0,1,1,0,0,0,0,0,0
2014-08-30,75.88833333333334,76.91291666666667,1022.8333333333334,63.875,6.138750000000001,150.0,0.0,0.0,75.41666666666667,0.0,0.0,64.29,69.73,0,1,0,0,0,0,0,0,0,1,0,0,0,0,0,0,0,0,0,0,0,1,1,0,0,0,0,0,0,0
2014-08-31,83.23360000000001,86.57799999999999,1018.76,68.12,10.771600000000001,193.2,1.234,0.0,63.6,6.17,0.0,71.49,76.75,0,1,0,0,0,0,1,0,1,1,0,0,0,0,0,0,1,0,0,0,1,1,1,0,0,1,0,0,0,0
2014-09-01,81.3648148148148,85.04629629629629,1016.5185185185185,74.81481481481481,5.625185185185185,137.03703703703704,1.0642857142857143,0.0,71.88888888888889,7.449999999999999,0.0,73.29,76.75,1,1,0,0,0,0,1,0,1,1,0,0,0,0,0,0,1,0,0,0,1,1,1,1,0,1,0,1,1,0
2014-09-02,84.8892,89.66959999999999,1014.2,66.16,6.4908,177.2,0.18,0.0,53.0,0.36,0.0,71.49,76.75,0,1,0,0,0,0,1,0,1,1,1,0,0,0,0,0,1,0,0,0,0,0,1,0,0,1,0,0,0,0
2014-09-03,81.3356,83.17479999999999,1015.76,68.84,4.1436,96.0,0.7000000000000001,0.0,76.2,4.2,0.0,71.49,76.75,0,1,0,0,0,0,1,0,1,1,0,0,0,0,0,0,1,0,0,0,1,1,0,0,0,1,0,0,0,0
2014-09-04,80.60166666666667,82.61208333333333,1020.7083333333334,63.625,4.889166666666667,92.08333333333333,0.29,0.0,47.166666666666664,0.29,0.0,66.09,73.69,1,1,0,0,0,0,1,0,0,1,1,0,0,0,0,0,1,0,0,0,0,1,1,1,0,0,0,0,0,0
2014-09-05,82.46,86.31083333333333,1020.125,70.08333333333333,6.999583333333334,152.91666666666666,1.735,0.0,42.333333333333336,6.94,0.0,73.31,75.67,1,1,0,0,0,0,1,0,0,1,1,0,0,0,0,0,1,0,0,0,1,0,1,1,0,0,0,0,0,0
2014-09-06,84.51125,89.51958333333333,1015.25,67.54166666666667,10.452916666666667,198.33333333333334,1.29,0.0,36.791666666666664,1.29,0.0,73.29,76.75,1,1,0,0,0,0,1,0,1,1,1,0,0,0,0,0,0,0,0,0,1,0,1,1,0,1,0,0,0,0
2014-09-07,75.9448,76.09639999999999,1017.6,63.04,9.436,245.6,1.1583333333333334,0.0,75.4,6.95,0.0,66.09,69.73,0,1,0,0,0,0,1,0,1,1,0,0,0,0,0,0,1,0,0,0,1,1,1,0,0,0,0,1,0,0
2014-09-08,73.26333333333334,73.10458333333334,1022.5833333333334,59.875,9.445416666666667,83.33333333333333,0.32181818181818184,0.0,86.875,3.54,0.0,64.29,69.73,0,1,0,0,0,0,1,0,0,1,0,0,0,0,0,0,1,0,0,0,0,1,0,0,0,0,0,0,0,0
2014-09-09,72.93124999999999,73.17958333333333,1021.5833333333334,69.25,10.309583333333334,40.416666666666664,0.0,0.0,88.125,0.0,0.0,66.65,69.73,0,1,0,0,0,0,0,0,0,1,0,0,0,0,0,0,0,0,0,0,0,1,0,0,0,0,0,0,0,0
2014-09-10,74.69500000000001,75.25791666666667,1019.2083333333334,68.25,8.155833333333334,105.41666666666667,0.0,0.0,84.375,0.0,0.0,67.73,71.33,0,1,0,0,0,0,0,0,0,1,0,0,0,0,0,0,0,0,0,0,0,1,0,0,0,0,0,0,0,0
2014-09-11,78.91458333333334,80.70958333333333,1013.8333333333334,65.79166666666667,11.123750000000001,181.25,0.22666666666666666,0.0,70.83333333333333,0.6799999999999999,0.0,69.17,71.71,0,1,0,0,0,0,1,0,0,1,0,0,0,0,0,0,1,0,0,0,0,1,1,0,0,0,0,0,0,0
2014-09-12,74.98625,75.29666666666667,1018.125,57.958333333333336,10.5525,267.9166666666667,0.61,0.0,66.875,1.22,0.0,62.49,66.67,0,1,0,0,0,0,1,0,0,1,0,0,0,0,0,0,1,0,0,0,0,1,1,0,0,0,0,0,0,0
2014-09-13,69.2225,68.94875,1020.3333333333334,66.04166666666667,7.242083333333333,144.16666666666666,0.54,0.0,78.54166666666667,2.7,0.0,62.49,66.67,0,1,0,0,0,0,1,0,0,1,0,0,0,0,0,0,1,0,0,0,1,1,1,0,0,0,0,0,0,0
2014-09-14,64.8125,63.81166666666667,1024.6666666666667,59.916666666666664,7.578333333333333,245.0,0.0,0.0,42.166666666666664,0.0,0.0,49.89,55.69,1,1,0,0,0,0,0,0,0,1,1,0,0,0,0,0,0,0,0,0,0,0,1,1,0,0,0,0,0,0
2014-09-15,66.68208333333332,65.87208333333334,1023.125,60.041666666666664,3.7383333333333333,76.66666666666667,0.0,0.0,60.0,0.0,0.0,51.69,58.75,0,1,0,0,0,0,0,0,0,1,1,0,0,0,0,0,0,0,0,0,0,0,1,0,0,0,0,0,0,0
2014-09-16,71.73375,71.46958333333333,1017.0833333333334,60.583333333333336,9.6825,261.6666666666667,0.0,0.0,60.833333333333336,0.0,0.0,58.89,65.93,0,1,0,0,0,0,0,0,0,1,0,0,0,0,0,0,0,0,0,0,0,1,1,0,0,0,0,0,0,0
2014-09-17,68.16291666666667,67.34333333333333,1017.0,56.666666666666664,4.9383333333333335,156.66666666666666,0.0,0.0,40.291666666666664,0.0,0.0,51.69,58.75,1,1,0,0,0,0,0,0,0,1,1,0,0,0,0,0,0,0,0,0,0,0,1,1,0,0,0,0,0,0
2014-09-18,70.10041666666667,69.575,1015.8333333333334,58.833333333333336,4.36125,112.08333333333333,0.16999999999999998,0.0,59.708333333333336,0.85,0.0,55.29,64.13,1,1,0,0,0,0,1,0,0,1,1,0,0,0,0,0,1,0,0,0,0,1,1,1,0,0,0,0,0,0
2014-09-19,68.61625,68.29958333333333,1022.4583333333334,66.41666666666667,6.75875,82.91666666666667,0.0,0.0,43.791666666666664,0.0,0.0,55.29,60.73,1,1,0,0,0,0,0,0,0,1,1,0,0,0,0,0,0,0,0,0,0,0,1,1,0,0,0,0,0,0
2014-09-20,72.02374999999999,72.03875000000001,1023.8333333333334,65.58333333333333,5.226666666666667,103.33333333333333,0.0,0.0,42.375,0.0,0.0,58.89,64.69,1,1,0,0,0,0,0,0,0,1,1,0,0,0,0,0,0,0,0,0,0,1,1,1,0,0,0,0,0,0
2014-09-21,72.93124999999999,73.15875,1012.0416666666666,67.41666666666667,5.417083333333333,144.16666666666666,0.0,0.0,52.791666666666664,0.0,0.0,57.09,64.13,1,1,0,0,0,0,0,0,0,1,1,0,0,0,0,0,0,0,0,0,0,1,1,1,0,0,0,0,0,0
2014-09-22,72.60416666666667,71.70208333333333,1012.625,44.041666666666664,13.664583333333333,297.5,0.0,0.0,48.333333333333336,0.0,0.0,60.57,65.93,0,1,0,0,0,0,0,0,0,1,1,0,0,0,0,0,0,0,0,0,0,1,1,0,0,0,0,0,0,0
2014-09-23,63.0875,61.37875,1025.8333333333333,48.541666666666664,7.289583333333334,208.75,0.0,0.0,60.0,0.0,0.0,46.29,53.71,0,1,0,0,0,0,0,0,0,1,1,0,0,0,0,0,0,0,0,0,0,1,1,0,0,0,0,0,0,0
2014-09-24,64.90083333333332,64.09,1030.0,63.791666666666664,9.210416666666667,45.833333333333336,0.5766666666666667,0.0,71.91666666666667,1.73,0.0,49.89,58.75,1,1,0,0,0,0,1,0,0,1,0,0,0,0,0,0,1,0,0,0,0,1,1,1,0,0,0,0,0,0
2014-09-25,65.13896551724137,65.21931034482758,1025.8275862068965,82.27586206896552,13.807586206896552,124.82758620689656,0.6628000000000001,0.0,90.0,16.57,0.0,60.17,62.56,0,1,1,0,0,1,1,0,0,0,0,0,0,0,0,1,1,0,0,1,1,1,0,0,0,0,0,0,0,0
2014-09-26,68.34958333333334,68.05624999999999,1024.0833333333333,67.5,8.633750000000001,145.83333333333334,0.0,0.0,57.958333333333336,0.0,0.0,55.29,61.25,1,1,0,0,0,0,0,0,0,1,1,0,0,0,0,0,0,0,0,0,0,1,1,1,0,0,0,0,0,0
2014-09-27,70.3725,69.81750000000001,1023.375,60.625,3.692083333333333,138.33333333333334,0.0,0.0,21.375,0.0,0.0,51.69,60.53,1,1,0,0,0,0,0,0,0,1,1,0,0,0,0,0,0,0,0,0,0,0,1,1,0,0,0,0,0,0
2014-09-28,70.62958333333334,70.49666666666667,1021.625,64.66666666666667,2.6375,65.0,0.0,0.0,51.291666666666664,0.0,0.0,53.49,62.33,1,1,0,0,0,0,0,0,0,1,1,0,0,0,0,0,0,0,0,0,0,0,1,1,0,0,0,0,0,0
2014-09-29,69.46833333333333,69.64416666666666,1016.5416666666666,75.125,4.215833333333333,152.5,0.0,0.0,80.04166666666667,0.0,0.0,60.69,64.69,1,1,0,0,0,0,0,0,0,1,0,0,0,0,0,0,0,0,0,0,0,1,0,1,0,0,0,0,0,0
2014-09-30,70.24374999999999,70.54083333333334,1013.375,76.0,5.41875,154.16666666666666,0.0,0.0,74.58333333333333,0.0,0.0,65.75,66.67,0,1,0,0,0,1,0,0,0,1,1,0,0,0,0,0,0,0,0,1,0,1,1,0,0,0,0,0,0,0
2014-10-01,70.00166666666667,70.19,1015.5833333333334,74.16666666666667,6.18375,72.91666666666667,0.4,0.0,75.41666666666667,0.8,0.0,62.49,65.93,0,1,0,0,0,0,1,0,0,1,1,0,0,0,0,0,1,0,0,0,0,1,1,0,0,0,0,0,0,0
2014-10-02,68.59083333333334,68.56291666666667,1019.2083333333334,72.625,3.3575,40.0,0.0,0.0,56.458333333333336,0.0,0.0,55.29,62.71,0,1,0,0,1,1,0,0,0,1,1,0,1,0,0,0,0,0,0,1,0,1,1,0,0,0,0,0,0,0
2014-10-03,67.82791666666667,67.79541666666667,1016.875,74.16666666666667,6.4725,128.75,0.43,0.0,74.79166666666667,0.43,0.0,58.89,64.13,0,1,0,0,0,0,1,0,0,1,1,0,0,0,0,0,1,0,0,0,0,1,1,0,0,0,0,0,0,0
2014-10-04,68.09958333333334,67.65708333333333,1005.0833333333334,64.83333333333333,12.082500000000001,256.6666666666667,0.736,0.0,77.29166666666667,7.36,0.0,55.29,58.75,0,1,0,0,0,0,1,0,0,1,0,0,0,0,0,0,1,0,0,0,1,1,1,0,0,0,0,0,0,0
2014-10-05,54.51958333333334,52.249583333333334,1012.25,46.875,7.479583333333334,204.16666666666666,0.0,0.0,18.75,0.0,0.0,37.29,44.33,1,1,0,0,0,0,0,0,0,0,1,0,0,0,0,0,0,0,0,0,0,0,1,1,0,0,0,0,0,0
2014-10-06,60.68333333333334,58.999583333333334,1015.5833333333334,55.125,9.641250000000001,179.16666666666666,0.0,0.0,28.791666666666668,0.0,0.0,40.89,49.75,1,1,0,0,0,0,0,0,0,1,1,0,0,0,0,0,0,0,0,0,0,0,1,1,0,0,0,0,0,0
2014-10-07,67.17583333333333,66.30541666666666,1016.3333333333334,57.75,11.895000000000001,192.08333333333334,0.26,0.0,80.66666666666667,1.04,0.0,60.53,62.55,1,1,0,0,0,0,1,0,0,1,0,0,0,0,0,0,1,0,0,0,0,1,0,1,0,0,0,0,0,0
2014-10-08,68.4996,68.0708,1012.76,64.32,9.895199999999999,229.2,0.27666666666666667,0.0,57.0,1.66,0.0,53.49,60.53,0,1,0,0,0,0,1,0,1,1,1,0,0,0,0,0,1,0,0,0,1,0,1,0,0,1,0,0,0,0
2014-10-09,65.98333333333333,64.46124999999999,1018.2083333333334,46.375,7.095833333333334,220.41666666666666,0.0,0.0,41.541666666666664,0.0,0.0,46.35,55.69,1,1,0,0,0,0,0,0,0,1,1,0,0,0,0,0,0,0,0,0,0,1,1,1,0,0,0,0,0,0
2014-10-10,63.59583333333333,62.41083333333333,1019.25,58.666666666666664,6.760833333333333,137.5,0.66125,0.0,88.75,5.29,0.0,58.37,60.73,0,1,0,0,0,0,1,0,0,1,0,0,0,0,0,0,1,0,0,0,1,1,0,0,0,0,0,0,0,0
2014-10-11,56.91846153846154,56.197307692307696,1017.9615384615385,82.73076923076923,8.632307692307693,63.46153846153846,1.3542857142857143,0.0,90.0,18.96,0.0,51.69,55.13,0,1,1,0,0,1,1,0,0,0,0,0,0,0,0,1,1,0,0,1,1,1,0,0,0,0,0,0,0,0
2014-10-12,58.32749999999999,57.1,1023.5833333333334,68.91666666666667,6.4262500000000005,60.833333333333336,0.0,0.0,75.0,0.0,0.0,46.29,53.33,0,1,0,0,1,0,0,0,0,1,0,0,1,0,0,0,0,0,0,0,0,1,1,0,0,0,0,0,0,0
2014-10-13,63.52875,63.1575,1024.7916666666667,76.04166666666667,2.2520833333333337,65.41666666666667,0.7375,0.0,90.0,5.9,0.0,57.09,60.73,0,1,1,0,1,0,1,0,0,0,0,0,1,0,0,1,1,0,0,0,1,1,0,0,0,0,0,0,0,0
2014-10-14,71.31041666666667,71.94041666666666,1020.25,79.0,7.432083333333334,92.08333333333333,0.0,0.0,75.83333333333333,0.0,0.0,60.69,64.35,0,1,0,0,1,1,0,0,0,1,0,0,1,0,0,0,0,0,0,1,0,1,1,0,0,0,0,0,0,0
2014-10-15,73.80720000000001,74.52600000000001,1012.0,77.44,11.232000000000001,150.0,1.7381818181818183,0.0,84.2,19.12,0.0,64.35,67.75,0,1,0,0,0,1,1,0,1,1,0,0,0,1,0,0,1,0,0,1,1,1,1,0,0,1,0,0,0,0
2014-10-16,63.15958333333333,62.98916666666667,1007.6666666666666,81.08333333333333,5.992083333333333,190.0,0.396,0.0,81.45833333333333,1.98,0.0,58.89,60.53,0,1,1,0,1,1,1,0,0,1,0,0,1,0,0,1,1,0,0,1,1,1,1,0,0,0,0,0,0,0
2014-10-17,64.48041666666667,63.85875000000001,1008.1666666666666,68.79166666666667,6.952500000000001,203.75,0.5,0.0,38.666666666666664,0.5,0.0,51.69,56.93,1,1,0,0,0,0,1,0,0,1,1,0,0,0,0,0,1,0,0,0,0,0,1,1,0,0,0,0,0,0
2014-10-18,64.19208333333333,63.157916666666665,1005.7083333333334,60.541666666666664,11.075833333333334,240.41666666666666,0.0,0.0,35.583333333333336,0.0,0.0,51.69,56.93,1,1,0,0,0,0,0,0,0,1,1,0,0,0,0,0,0,0,0,0,0,0,1,1,0,0,0,0,0,0
2014-10-19,56.162083333333335,53.64125000000001,1015.2916666666666,46.0,12.946250000000001,309.1666666666667,0.0,0.0,52.291666666666664,0.0,0.0,49.73,51.75,0,1,0,0,0,0,0,0,0,1,1,0,0,0,0,0,0,0,0,0,0,1,1,0,0,0,0,0,0,0
2014-10-20,55.854166666666664,54.19,1018.5416666666666,57.333333333333336,7.240000000000001,177.91666666666666,0.0,0.0,75.0,0.0,0.0,37.29,46.13,0,1,0,0,0,0,0,0,0,1,0,0,0,0,0,0,0,0,0,0,0,1,1,0,0,0,0,0,0,0
2014-10-21,60.98458333333334,59.8125,1012.0416666666666,64.45833333333333,4.9870833333333335,162.91666666666666,0.292,0.0,66.875,1.46,0.0,46.29,55.13,0,1,0,0,0,0,1,0,0,1,1,0,0,0,0,0,1,0,0,0,0,1,1,0,0,0,0,0,0,0
2014-10-22,56.01,55.099583333333335,1013.1666666666666,80.625,12.754583333333334,332.0833333333333,1.074736842105263,0.0,90.0,20.419999999999998,0.0,52.79,55.13,0,1,0,0,0,0,1,0,0,0,0,0,0,0,0,0,1,0,0,0,1,1,0,0,0,0,0,0,0,0
2014-10-23,58.512499999999996,56.78875,1012.7083333333334,58.0,16.73875,319.1666666666667,0.0,0.0,80.41666666666667,0.0,0.0,51.69,53.71,0,1,0,0,0,0,0,0,0,1,0,0,0,0,0,0,0,0,0,0,0,1,1,0,0,0,0,0,0,0
2014-10-24,62.32083333333333,60.43833333333333,1013.7916666666666,46.5,11.46,314.1666666666667,0.0,0.0,52.875,0.0,0.0,52.25,55.69,1,1,0,0,0,0,0,0,0,1,1,0,0,0,0,0,0,0,0,0,0,1,1,1,0,0,0,0,0,0
2014-10-25,60.9375,59.1275,1013.1666666666666,48.958333333333336,8.00375,230.0,0.0,0.0,22.25,0.0,0.0,42.69,49.75,1,1,0,0,0,0,0,0,0,1,1,0,0,0,0,0,0,0,0,0,0,0,1,1,0,0,0,0,0,0
2014-10-26,63.90083333333333,61.873333333333335,1007.8333333333334,40.041666666666664,10.645833333333334,257.9166666666667,0.0,0.0,6.583333333333333,0.0,0.0,48.09,56.93,1,1,0,0,0,0,0,0,0,0,1,0,0,0,0,0,0,0,0,0,0,0,1,1,0,0,0,0,0,0
2014-10-27,58.30375,56.47333333333333,1016.5,46.833333333333336,4.889166666666667,174.16666666666666,0.0,0.0,16.25,0.0,0.0,35.49,46.69,1,1,0,0,0,0,0,0,0,0,1,0,0,0,0,0,0,0,0,0,0,0,1,1,0,0,0,0,0,0
2014-10-28,63.97875,62.67875,1016.5416666666666,55.375,8.73,187.5,0.0,0.0,72.70833333333333,0.0,0.0,46.29,56.93,0,1,0,0,0,0,0,0,0,1,0,0,0,0,0,0,0,0,0,0,0,1,1,0,0,0,0,0,0,0
2014-10-29,64.78541666666666,64.15375,1014.0,67.875,7.478333333333334,192.5,0.30666666666666664,0.0,77.5,0.9199999999999999,0.0,53.49,57.65,0,1,0,0,0,0,1,0,0,1,1,0,0,0,0,0,1,0,0,0,0,1,1,0,0,0,0,0,0,0
2014-10-30,55.16958333333333,53.48291666666666,1017.0416666666666,64.33333333333333,6.663333333333334,198.33333333333334,0.0,0.0,33.416666666666664,0.0,0.0,40.89,49.75,1,1,0,0,0,0,0,0,0,1,1,0,0,0,0,0,0,0,0,0,0,0,1,1,0,0,0,0,0,0
2014-10-31,52.343333333333334,50.224583333333335,1015.5833333333334,55.625,5.561666666666667,142.08333333333334,0.0,0.0,67.29166666666667,0.0,0.0,40.89,47.93,0,1,0,0,0,0,0,0,0,1,1,0,0,0,0,0,0,0,0,0,0,1,1,0,0,0,0,0,0,0
2014-11-01,52.27583333333334,49.96333333333334,1009.7083333333334,58.708333333333336,13.5725,188.75,0.42000000000000004,0.0,84.79166666666667,3.7800000000000002,0.0,42.69,51.53,0,1,0,0,0,0,1,0,0,1,0,0,0,0,0,0,1,0,0,0,0,1,1,0,0,0,0,0,0,0
2014-11-02,48.615,42.474583333333335,1016.2083333333334,43.958333333333336,20.808333333333334,335.0,0.0,0.0,63.708333333333336,0.0,0.0,42.17,44.71,1,1,0,0,0,0,1,0,0,1,1,0,0,0,0,0,1,0,0,0,0,1,1,1,0,0,0,0,0,0
2014-11-03,51.7825,47.69375,1024.9166666666667,30.833333333333332,9.876666666666667,295.0,0.0,0.0,37.25,0.0,0.0,40.89,44.33,1,1,0,0,0,0,0,0,0,1,1,0,0,0,0,0,0,0,0,0,0,1,1,1,0,0,0,0,0,0
2014-11-04,55.3975,53.607499999999995,1022.7916666666666,48.291666666666664,4.02625,145.83333333333334,0.0,0.0,69.79166666666667,0.0,0.0,37.29,47.93,0,1,0,0,0,0,0,0,0,1,0,0,0,0,0,0,0,0,0,0,0,1,1,0,0,0,0,0,0,0
2014-11-05,59.97625,58.01291666666666,1020.625,49.791666666666664,5.567916666666666,184.58333333333334,0.0,0.0,86.875,0.0,0.0,48.09,53.71,0,1,0,0,0,0,0,0,0,1,0,0,0,0,0,0,0,0,0,0,0,1,0,0,0,0,0,0,0,0
2014-11-06,57.852500000000006,57.13285714285714,1013.8928571428571,80.75,4.601785714285714,136.42857142857142,1.075625,0.0,86.60714285714286,17.21,0.0,51.69,55.13,0,1,0,0,1,1,1,0,0,1,0,0,1,1,0,0,1,0,0,1,1,1,0,0,0,0,0,0,0,0
2014-11-07,54.630833333333335,52.14291666666667,1009.375,51.291666666666664,12.805,290.4166666666667,0.0,0.0,61.041666666666664,0.0,0.0,46.29,49.75,0,1,0,0,0,0,0,0,0,1,1,0,0,0,0,0,0,0,0,0,0,1,1,0,0,0,0,0,0,0
2014-11-08,45.03916666666667,41.08958333333333,1017.4166666666666,46.541666666666664,8.71375,228.75,0.0,0.0,36.625,0.0,0.0,30.09,35.71,1,1,0,0,0,0,0,0,0,1,1,0,0,0,0,0,0,0,0,0,0,1,1,1,0,0,0,0,0,0
2014-11-09,51.09708333333333,49.13375,1014.7083333333334,56.0,4.172916666666667,152.08333333333334,0.0,0.0,75.0,0.0,0.0,35.49,46.13,0,1,0,0,0,0,0,0,0,1,0,0,0,0,0,0,0,0,0,0,0,1,1,0,0,0,0,0,0,0
2014-11-10,51.779583333333335,50.725833333333334,1019.3333333333334,63.875,2.8283333333333336,70.83333333333333,0.0,0.0,26.583333333333332,0.0,0.0,33.69,42.73,1,1,0,0,0,0,0,0,0,1,1,0,0,0,0,0,0,0,0,0,0,0,1,1,0,0,0,0,0,0
2014-11-11,55.3825,54.499583333333334,1018.0,69.58333333333333,2.87625,67.91666666666667,0.0,0.0,39.333333333333336,0.0,0.0,35.49,44.71,1,1,0,0,0,1,0,0,0,1,1,0,0,0,0,0,0,0,0,1,0,1,1,1,0,0,0,0,0,0
2014-11-12,62.715833333333336,61.87375,1014.2083333333334,67.75,8.720833333333333,237.08333333333334,0.0,0.0,60.083333333333336,0.0,0.0,53.49,56.93,1,1,0,1,0,1,0,0,0,1,1,1,0,0,0,0,0,0,0,1,0,1,1,1,0,0,0,0,0,0
2014-11-13,45.92791666666667,40.89541666666667,1020.3333333333334,48.833333333333336,10.738333333333335,269.5833333333333,0.17,0.0,58.916666666666664,0.17,0.0,37.29,42.53,1,1,0,0,0,0,1,0,0,1,1,0,0,0,0,0,1,0,0,0,0,1,1,1,0,0,0,0,0,0
2014-11-14,39.666666666666664,32.24666666666666,1021.125,53.666666666666664,12.945833333333333,309.5833333333333,0.27714285714285714,0.0,58.333333333333336,1.94,0.0,33.35,35.33,0,1,0,0,0,0,1,0,0,1,1,0,0,0,0,0,1,0,0,0,0,1,1,0,0,0,0,0,0,0
2014-11-15,37.925000000000004,31.909166666666668,1028.1666666666667,42.666666666666664,8.5275,281.25,0.0,0.0,16.833333333333332,0.0,0.0,29.57,33.53,1,1,0,0,0,0,0,0,0,1,1,0,0,0,0,0,0,0,0,0,0,0,1,1,0,0,0,0,0,0
2014-11-16,41.605,37.721250000000005,1027.1666666666667,50.083333333333336,6.665,159.58333333333334,0.29000000000000004,0.0,76.04166666666667,0.5800000000000001,0.0,28.29,37.13,0,1,0,0,0,0,1,0,0,1,1,0,0,0,0,0,1,0,0,0,0,1,1,0,0,0,0,0,0,0
2014-11-17,46.1637037037037,43.28148148148148,1010.8518518518518,76.88888888888889,5.966666666666667,175.55555555555554,1.7189473684210526,0.0,89.44444444444444,32.66,0.0,40.89,44.33,0,1,0,0,0,1,1,0,0,1,0,0,0,1,0,0,1,0,0,1,1,1,0,0,0,0,0,0,0,0
2014-11-18,35.7025,25.78916666666667,1014.1666666666666,37.083333333333336,18.1225,302.0833333333333,0.0,0.0,45.208333333333336,0.0,0.0,27.79,28.35,1,1,0,0,0,0,0,0,0,1,1,0,0,0,0,0,0,0,0,0,0,1,1,1,0,0,0,0,0,0
2014-11-19,29.22083333333333,21.27541666666667,1025.75,36.333333333333336,8.9175,231.25,0.0,0.0,29.25,0.0,0.0,20.93,22.95,1,1,0,0,0,0,0,0,0,1,1,0,0,0,0,0,0,0,0,0,0,1,1,1,0,0,0,0,0,0
2014-11-20,42.500416666666666,35.80083333333334,1016.375,37.416666666666664,12.52125,217.08333333333334,0.0,0.0,46.791666666666664,0.0,0.0,33.53,35.71,1,1,0,0,0,0,0,0,0,1,1,0,0,0,0,0,0,0,0,0,0,1,1,1,0,0,0,0,0,0
2014-11-21,36.709583333333335,28.010833333333334,1026.2083333333333,31.291666666666668,14.432083333333333,318.75,0.0,0.0,9.75,0.0,0.0,29.21,30.15,1,1,0,0,0,0,0,0,0,0,1,0,0,0,0,0,0,0,0,0,0,0,1,1,0,0,0,0,0,0
2014-11-22,36.17916666666667,31.797916666666666,1032.7916666666667,45.75,7.048750000000001,200.0,0.0,0.0,24.666666666666668,0.0,0.0,19.29,26.71,1,1,0,0,0,0,0,0,0,1,1,0,0,0,0,0,0,0,0,0,0,0,1,1,0,0,0,0,0,0
2014-11-23,46.69916666666666,43.00375,1023.2916666666666,40.75,6.0441666666666665,175.41666666666666,0.0,0.0,63.458333333333336,0.0,0.0,33.69,39.67,1,1,0,0,0,0,0,0,0,1,0,0,0,0,0,0,0,0,0,0,0,1,1,1,0,0,0,0,0,0
2014-11-24,62.7192,62.095600000000005,1007.04,72.44,12.6576,171.6,0.6499999999999999,0.0,67.64,5.85,0.0,49.89,53.33,1,1,0,0,0,1,1,0,0,1,1,0,0,0,0,0,1,0,0,1,1,1,0,1,0,0,0,0,0,0
2014-11-25,59.255,57.53916666666667,1013.625,56.541666666666664,8.632083333333334,234.16666666666666,0.0,0.0,78.16666666666667,0.0,0.0,46.29,53.33,1,1,0,0,0,0,0,0,0,1,0,0,0,0,0,0,0,0,0,0,0,1,1,1,0,0,0,0,0,0
2014-11-26,44.32884615384615,39.52307692307692,1018.0769230769231,72.15384615384616,7.434230769230769,87.6923076923077,1.3553333333333333,0.0,88.84615384615384,20.33,0.0,33.69,37.13,0,1,0,0,0,1,1,1,0,1,0,0,0,0,0,0,1,1,0,1,1,1,0,0,0,0,0,0,0,0
2014-11-27,41.26125,37.38291666666667,1017.3333333333334,68.5,6.426666666666667,232.5,0.184,0.0,75.0,0.92,0.0,33.69,37.69,0,1,0,0,0,0,1,0,0,1,0,0,0,0,0,0,1,0,0,0,0,1,1,0,0,0,0,0,0,0
2014-11-28,38.15416666666667,31.7375,1024.3333333333333,50.791666666666664,9.495416666666667,295.4166666666667,0.0,0.0,47.666666666666664,0.0,0.0,31.89,35.33,1,1,0,0,0,0,0,0,0,1,1,0,0,0,0,0,0,0,0,0,0,1,1,1,0,0,0,0,0,0
2014-11-29,39.40541666666667,35.99875,1026.1666666666667,47.875,5.321666666666666,174.58333333333334,0.0,0.0,71.875,0.0,0.0,28.29,35.33,0,1,0,0,0,0,0,0,0,1,1,0,0,0,0,0,0,0,0,0,0,1,1,0,0,0,0,0,0,0
2014-11-30,49.2275,45.35375,1020.875,55.166666666666664,9.019166666666667,183.33333333333334,0.0,0.0,69.16666666666667,0.0,0.0,37.29,42.53,0,1,0,0,0,0,0,0,0,1,0,0,0,0,0,0,0,0,0,0,0,1,1,0,0,0,0,0,0,0
2014-12-01,58.780833333333334,57.25125,1021.6666666666666,61.541666666666664,9.305416666666668,188.33333333333334,0.43,0.0,68.33333333333333,1.29,0.0,42.69,51.73,0,1,0,0,0,0,1,0,0,1,1,0,0,0,0,0,1,0,0,0,0,1,1,0,0,0,0,0,0,0
2014-12-02,40.614117647058826,35.29823529411765,1032.2941176470588,77.17647058823529,9.788235294117648,88.23529411764706,0.560952380952381,0.0,90.0,11.780000000000001,0.0,35.49,37.15,0,1,1,0,0,1,1,0,0,0,0,0,0,1,0,1,1,0,0,1,1,1,0,0,0,0,0,0,0,0
2014-12-03,43.96038461538462,40.496538461538464,1024.0,83.34615384615384,6.997307692307692,185.0,0.7859999999999999,0.0,88.84615384615384,3.9299999999999997,0.0,35.49,38.93,0,1,1,0,0,1,1,0,0,1,0,0,0,0,0,1,1,0,0,1,1,1,0,0,0,0,0,0,0,0
2014-12-04,44.03458333333333,40.871249999999996,1028.9166666666667,52.125,6.5687500000000005,248.33333333333334,0.0,0.0,84.16666666666667,0.0,0.0,31.89,37.13,0,1,0,0,0,0,0,0,0,1,0,0,0,0,0,0,0,0,0,0,0,1,1,0,0,0,0,0,0,0
2014-12-05,43.07208333333333,41.012499999999996,1032.7083333333333,62.0,3.782916666666667,102.08333333333333,0.30166666666666664,0.0,90.0,3.6199999999999997,0.0,39.09,42.53,0,1,0,0,0,0,1,0,0,0,0,0,0,0,0,0,1,0,0,0,0,1,0,0,0,0,0,0,0,0
2014-12-06,47.202592592592595,44.85925925925926,1022.925925925926,81.33333333333333,5.79925925925926,187.77777777777777,0.4342857142857143,0.0,88.33333333333333,6.08,0.0,40.89,42.73,0,1,1,0,1,1,1,0,0,1,0,0,1,0,0,1,1,0,0,1,1,1,0,0,0,0,0,0,0,0
2014-12-07,44.44166666666666,36.92875,1028.5833333333333,57.333333333333336,17.885,241.66666666666666,0.6866666666666666,0.0,51.125,4.12,0.0,35.33,38.93,1,1,0,0,0,0,1,0,0,1,1,0,0,0,0,0,1,0,0,0,1,1,1,1,0,0,0,0,0,0
2014-12-08,37.1025,29.54625,1034.25,50.708333333333336,11.266666666666666,84.16666666666667,0.0,0.0,74.625,0.0,0.0,31.37,35.33,1,1,0,0,0,0,0,0,0,1,1,0,0,0,0,0,0,0,0,0,0,1,1,1,0,0,0,0,0,0
2014-12-09,37.75,29.618387096774192,1019.4516129032259,79.64516129032258,13.176129032258064,275.16129032258067,0.6826086956521739,0.0,90.0,15.7,0.0,33.53,35.33,0,1,1,0,0,0,1,0,0,0,0,0,0,0,0,1,1,0,0,0,1,1,0,0,0,0,0,0,0,0
2014-12-10,46.00083333333333,39.31875,1011.0,58.041666666666664,16.3975,319.1666666666667,0.3271428571428571,0.0,69.79166666666667,2.29,0.0,40.55,44.33,0,1,0,0,0,0,1,0,0,1,1,0,0,0,0,0,1,0,0,0,0,1,1,0,0,0,0,0,0,0
2014-12-11,39.93333333333333,32.81166666666667,1012.2083333333334,46.041666666666664,12.27625,275.8333333333333,0.12,0.0,70.20833333333333,0.24,0.0,33.69,37.13,0,1,0,0,0,0,1,1,0,1,1,0,0,0,0,0,1,0,1,0,0,1,1,0,0,0,0,0,0,0
2014-12-12,42.82333333333333,36.45916666666667,1017.9166666666666,36.208333333333336,12.227083333333333,295.0,0.0,0.0,73.33333333333333,0.0,0.0,37.29,39.67,0,1,0,0,0,0,0,0,0,1,1,0,0,0,0,0,0,0,0,0,0,1,1,0,0,0,0,0,0,0
2014-12-13,39.485416666666666,35.705000000000005,1019.3333333333334,57.541666666666664,6.184583333333333,242.91666666666666,0.0,0.0,52.541666666666664,0.0,0.0,26.49,33.53,1,1,0,0,0,0,0,0,0,1,1,0,0,0,0,0,0,0,0,0,0,1,1,1,0,0,0,0,0,0
2014-12-14,43.27583333333334,40.05625,1015.9166666666666,61.708333333333336,6.952083333333333,233.75,0.0,0.0,62.291666666666664,0.0,0.0,30.09,35.33,0,1,0,0,0,0,0,0,0,1,1,0,0,0,0,0,0,0,0,0,0,1,1,0,0,0,0,0,0,0
2014-12-15,48.60125,46.65,1018.0833333333334,66.125,4.8425,165.41666666666666,0.0,0.0,61.958333333333336,0.0,0.0,33.69,41.45,1,1,0,0,0,0,0,0,0,1,1,0,0,0,0,0,0,0,0,0,0,1,1,1,0,0,0,0,0,0
2014-12-16,44.91357142857142,43.20964285714285,1015.7857142857143,80.85714285714286,3.4528571428571433,93.92857142857143,1.265,0.0,79.10714285714286,10.12,0.0,31.89,39.67,0,1,1,0,1,1,1,0,0,1,0,0,1,1,0,1,1,0,0,1,1,1,1,0,0,0,0,0,0,0
2014-12-17,48.55916666666667,45.61166666666667,1014.5416666666666,67.75,8.4875,257.9166666666667,0.0,0.0,51.458333333333336,0.0,0.0,31.89,40.75,0,1,1,0,1,1,0,0,0,1,1,0,1,0,0,1,0,0,0,1,0,0,1,0,0,0,0,0,0,0
2014-12-18,40.385416666666664,33.370416666666664,1019.9583333333334,46.833333333333336,12.224583333333333,314.5833333333333,0.0,0.0,52.041666666666664,0.0,0.0,33.69,37.13,1,1,0,0,0,0,0,0,0,1,1,0,0,0,0,0,0,0,0,0,0,1,1,1,0,0,0,0,0,0
2014-12-19,38.59291666666667,31.62708333333333,1020.875,50.916666666666664,10.93125,315.0,0.0,0.0,79.16666666666667,0.0,0.0,34.79,37.13,0,1,0,0,0,0,0,0,0,1,1,0,0,0,0,0,0,0,0,0,0,1,1,0,0,0,0,0,0,0
2014-12-20,35.37,30.601250000000004,1025.5833333333333,53.75,5.945,227.5,0.0,0.0,43.708333333333336,0.0,0.0,24.69,30.67,1,1,0,0,0,0,0,0,0,1,1,0,0,0,0,0,0,0,0,0,0,1,1,1,0,0,0,0,0,0
2014-12-21,38.803333333333335,36.16375,1026.9583333333333,52.5,3.73625,143.75,0.0,0.0,75.45833333333333,0.0,0.0,30.09,35.71,1,1,0,0,0,0,0,0,0,1,1,0,0,0,0,0,0,0,0,0,0,1,1,1,0,0,0,0,0,0
2014-12-22,35.98458333333333,31.373333333333335,1025.75,69.20833333333333,5.707083333333333,44.166666666666664,0.40875,0.0,78.33333333333333,3.27,0.0,26.49,33.53,0,1,0,0,1,0,1,0,0,1,1,0,1,0,0,0,1,0,0,0,0,1,1,0,0,0,0,0,0,0
2014-12-23,41.45780487804878,37.5819512195122,1018.390243902439,84.95121951219512,5.808780487804879,235.3658536585366,0.43200000000000005,0.0,90.0,2.16,0.0,35.49,37.69,0,0,1,0,0,1,1,0,0,0,0,0,0,0,0,1,1,0,0,1,1,0,0,0,0,0,0,0,0,0
2014-12-24,47.96163265306122,47.05428571428571,1011.8775510204082,88.22448979591837,2.1816326530612247,64.48979591836735,1.0793548387096774,0.0,90.0,33.46,0.0,44.33,46.35,0,1,1,1,0,1,1,0,0,0,0,1,0,1,0,1,1,0,0,1,1,1,0,0,0,0,0,0,0,0
2014-12-25,54.29535714285714,52.58,1007.75,67.14285714285714,9.248214285714285,261.07142857142856,0.675,0.0,71.64285714285714,5.4,0.0,46.35,51.53,1,1,1,1,0,1,1,0,0,1,1,1,0,0,0,1,1,0,0,1,1,1,1,1,0,0,0,0,0,0
2014-12-26,44.93,41.53791666666667,1025.0,57.166666666666664,7.385416666666667,203.75,0.0,0.0,18.541666666666668,0.0,0.0,30.09,37.13,1,1,0,0,0,0,0,0,0,1,0,0,0,0,0,0,0,0,0,0,0,0,1,1,0,0,0,0,0,0
2014-12-27,44.10958333333334,42.445,1024.75,66.04166666666667,1.4895833333333333,60.416666666666664,0.0,0.0,40.0,0.0,0.0,31.46,35.71,1,1,0,0,0,0,0,0,0,1,1,0,0,0,0,0,0,0,0,0,0,1,1,1,0,0,0,0,0,0
2014-12-28,49.65041666666667,47.50958333333333,1016.4166666666666,63.875,4.726666666666667,156.25,0.3,0.0,81.25,0.8999999999999999,0.0,37.29,45.79,0,1,0,0,0,0,1,0,0,1,0,0,0,0,0,0,1,0,0,0,0,1,1,0,0,0,0,0,0,0
2014-12-29,44.602916666666665,41.583333333333336,1021.2916666666666,66.125,5.770416666666667,203.75,0.44000000000000006,0.0,86.04166666666667,2.2,0.0,40.1,40.89,0,1,0,0,0,0,1,0,0,1,0,0,0,0,0,0,1,0,0,0,0,1,1,0,0,0,0,0,0,0
2014-12-30,39.09916666666667,33.86,1027.3333333333333,50.291666666666664,7.997083333333333,211.66666666666666,0.0,0.0,60.708333333333336,0.0,0.0,33.1,37.29,1,1,0,0,0,0,0,0,0,1,0,0,0,0,0,0,0,0,0,0,0,1,1,1,0,0,0,0,0,0
2014-12-31,30.852083333333336,25.41333333333333,1029.75,50.875,5.984999999999999,252.5,0.0,0.0,28.583333333333332,0.0,0.0,22.89,28.29,1,1,0,0,0,0,0,0,0,1,1,0,0,0,0,0,0,0,0,0,0,0,1,1,0,0,0,0,0,0
2015-01-01,33.03541666666667,27.33875,1023.125,49.041666666666664,7.2995833333333335,211.66666666666666,0.0,0.0,25.5,0.0,0.0,21.09,27.79,1,1,0,0,0,0,0,0,0,1,1,0,0,0,0,0,0,0,0,0,0,0,1,1,0,0,0,0,0,0
2015-01-02,39.38916666666667,36.46,1023.2083333333334,53.375,4.4470833333333335,177.91666666666666,0.0,0.0,69.79166666666667,0.0,0.0,28.29,36.79,0,1,0,0,0,0,0,0,0,1,1,0,0,0,0,0,0,0,0,0,0,1,1,0,0,0,0,0,0,0
2015-01-03,37.32821428571429,35.02321428571428,1030.107142857143,78.92857142857143,3.0464285714285713,32.857142857142854,0.6714285714285715,0.0,83.03571428571429,4.7,0.0,28.29,34.81,0,1,1,0,0,1,1,0,0,1,0,0,0,0,0,1,1,0,0,1,1,1,1,0,0,0,0,0,0,0
2015-01-04,48.13357142857143,45.519642857142856,1016.0,84.32142857142857,8.605,191.07142857142858,0.31083333333333335,0.0,89.46428571428571,3.73,0.0,37.29,38.95,0,1,1,0,0,1,1,0,0,1,0,0,0,0,0,1,1,0,0,1,1,1,0,0,0,0,0,0,0,0
2015-01-05,45.365,39.17958333333333,1021.0833333333334,43.458333333333336,15.247916666666667,303.75,1.6300000000000001,0.0,53.333333333333336,4.890000000000001,0.0,31.89,33.73,0,1,0,0,0,0,1,0,0,1,1,0,0,0,0,0,1,0,0,0,1,0,1,0,0,0,0,0,0,0
2015-01-06,28.126666666666665,22.405833333333334,1027.5833333333333,56.0,5.863333333333333,170.83333333333334,0.0,0.6799999999999999,74.79166666666667,0.0,4.76,21.09,23.83,0,1,0,0,0,0,0,1,0,1,1,0,0,0,0,0,0,0,1,0,0,1,1,0,1,0,0,0,0,0
2015-01-07,26.098333333333333,16.376250000000002,1020.9166666666666,53.791666666666664,12.302916666666667,284.5833333333333,0.0,0.0,61.041666666666664,0.0,0.0,17.49,20.77,0,1,0,0,0,0,0,0,0,1,1,0,0,0,0,0,0,0,0,0,0,1,1,0,0,0,0,0,0,0
2015-01-08,16.982083333333332,5.503333333333334,1033.0416666666667,37.666666666666664,11.752083333333333,283.75,0.0,0.0,20.041666666666668,0.0,0.0,9.59,11.77,1,1,0,0,0,0,0,0,0,1,1,0,0,0,0,0,0,0,0,0,0,0,1,1,0,0,0,0,0,0
2015-01-09,30.584999999999997,21.620416666666667,1021.4166666666666,34.666666666666664,13.440416666666666,210.83333333333334,0.0,0.0,61.875,0.0,0.0,20.93,23.83,0,1,0,0,0,0,0,0,0,1,1,0,0,0,0,0,0,0,0,0,0,1,1,0,0,0,0,0,0,0
2015-01-10,25.58,15.916666666666666,1031.9166666666667,35.208333333333336,10.654166666666667,287.0833333333333,0.0,0.0,1.0,0.0,0.0,16.61,19.29,1,0,0,0,0,0,0,0,0,0,0,0,0,0,0,0,0,0,0,0,0,0,0,1,0,0,0,0,0,0
2015-01-11,28.53125,24.819999999999997,1037.0833333333333,47.791666666666664,3.924583333333333,95.83333333333333,0.0,0.0,53.75,0.0,0.0,12.09,21.67,1,1,0,0,0,0,0,0,0,1,1,0,0,0,0,0,0,0,0,0,0,1,1,1,0,0,0,0,0,0
2015-01-12,37.07645161290322,33.75483870967742,1027.4516129032259,77.19354838709677,4.18741935483871,131.61290322580646,0.77375,0.0,90.0,18.57,0.0,31.89,35.35,0,1,0,0,0,1,1,0,0,0,0,0,0,0,0,0,1,0,0,1,1,1,0,0,0,0,0,0,0,0
2015-01-13,37.194583333333334,29.8075,1030.0833333333333,61.666666666666664,11.287083333333333,154.16666666666666,0.61,0.0,80.625,2.44,0.0,29.75,31.75,0,1,1,0,0,0,1,0,0,1,0,0,0,0,0,1,1,0,0,0,1,1,1,0,0,0,0,0,0,0
2015-01-14,29.349166666666665,21.050833333333333,1030.0833333333333,59.333333333333336,8.9925,146.66666666666666,0.0,0.23272727272727273,83.33333333333333,0.0,2.56,24.71,26.51,0,1,0,0,0,0,0,1,0,1,0,0,0,0,0,0,0,0,1,0,0,1,1,0,0,0,0,0,0,0
2015-01-15,34.3425,28.927916666666665,1022.5416666666666,61.791666666666664,6.31,287.0833333333333,0.0,0.0,79.79166666666667,0.0,0.0,29.57,31.75,0,1,0,0,0,0,0,0,0,1,0,0,0,0,0,0,0,0,0,0,0,1,1,0,0,0,0,0,0,0
2015-01-16,36.535833333333336,31.25708333333333,1016.75,64.25,8.668333333333333,210.41666666666666,0.0,0.0,16.333333333333332,0.0,0.0,24.69,28.31,1,1,0,0,0,0,0,0,0,0,1,0,0,0,0,0,0,0,0,0,0,0,1,1,0,0,0,0,0,0
2015-01-17,34.37375,28.149583333333336,1026.5,47.125,8.043333333333333,120.41666666666667,0.0,0.0,31.666666666666668,0.0,0.0,22.89,28.69,1,1,0,0,0,0,0,0,0,1,1,0,0,0,0,0,0,0,0,0,0,0,1,1,0,0,0,0,0,0
2015-01-18,38.03633333333333,34.35133333333333,1015.5,79.2,5.263999999999999,124.0,1.692142857142857,0.0,77.33333333333333,23.689999999999998,0.0,31.89,34.81,0,1,0,0,1,1,1,0,0,1,1,0,1,1,0,0,1,0,0,1,1,1,1,0,0,0,0,0,0,0
2015-01-19,43.375,39.71375,1013.7916666666666,56.708333333333336,6.861249999999999,243.33333333333334,0.0,0.0,59.166666666666664,0.0,0.0,30.09,37.69,0,1,0,0,0,0,0,0,0,1,1,0,0,0,0,0,0,0,0,0,0,1,1,0,0,0,0,0,0,0
2015-01-20,38.30375,36.805416666666666,1014.5416666666666,66.0,2.2658333333333336,91.25,0.23,0.0,61.083333333333336,0.23,0.0,26.49,30.67,1,1,0,0,0,0,1,0,0,1,1,0,0,0,0,0,1,0,0,0,0,1,1,1,0,0,0,0,0,0
2015-01-21,36.090333333333334,32.91166666666667,1019.5333333333333,76.1,3.909,67.33333333333333,0.9259999999999999,0.0,81.33333333333333,9.26,0.0,28.29,33.73,0,1,0,1,1,1,1,1,0,0,1,1,1,0,0,0,1,0,1,1,1,1,1,0,1,0,0,0,0,0
2015-01-22,39.473333333333336,35.14416666666667,1024.0833333333333,72.875,7.38375,191.25,0.0,0.0,75.625,0.0,0.0,31.89,35.71,0,1,0,0,0,1,1,0,0,1,0,0,0,0,0,0,1,0,0,1,0,0,1,0,0,0,0,0,0,0
2015-01-23,37.7776,33.6568,1026.96,63.44,5.6552,212.8,0.5966666666666667,0.0,69.4,1.79,0.0,24.69,31.75,0,1,0,0,0,0,1,1,0,1,1,0,0,0,0,0,1,1,0,0,0,1,1,0,0,0,0,0,0,0
2015-01-24,38.1216129032258,32.626451612903224,1007.258064516129,80.83870967741936,8.11774193548387,173.2258064516129,1.016842105263158,0.0,84.51612903225806,19.32,0.0,33.69,36.79,0,1,1,0,0,1,1,1,0,0,1,0,0,1,0,1,1,1,0,1,1,1,1,0,0,0,0,0,0,0
2015-01-25,43.1975,38.83708333333333,1008.0416666666666,55.583333333333336,7.791250000000001,232.08333333333334,0.0,0.0,64.25,0.0,0.0,36.23,37.69,1,1,0,0,0,0,0,0,0,1,1,0,0,0,0,0,0,0,0,0,0,1,1,1,0,0,0,0,0,0
2015-01-26,38.87096774193548,32.086774193548386,1009.1290322580645,74.83870967741936,10.69483870967742,57.41935483870968,0.257,0.12,90.0,5.14,0.12,31.89,33.55,0,1,0,0,0,0,1,1,0,0,0,0,0,0,0,0,1,1,1,0,0,1,0,0,1,0,0,0,0,0
2015-01-27,32.01291666666667,21.77916666666667,1008.8333333333334,70.875,14.69,318.3333333333333,0.0,0.2977777777777778,83.33333333333333,0.0,2.68,26.87,28.69,0,1,0,0,0,0,0,1,0,1,0,0,0,0,0,0,0,0,1,0,0,1,1,0,0,0,0,0,0,0
2015-01-28,30.534166666666668,19.758333333333333,1020.125,45.625,15.164583333333333,325.4166666666667,0.0,0.0,16.083333333333332,0.0,0.0,21.47,24.73,1,1,0,0,0,0,0,0,0,1,1,0,0,0,0,0,0,0,0,0,0,0,1,1,0,0,0,0,0,0
2015-01-29,31.635416666666668,26.463333333333335,1025.5416666666667,44.0,6.142916666666667,180.0,0.7050000000000001,0.0,42.916666666666664,1.4100000000000001,0.0,19.29,26.71,1,1,0,0,0,0,1,0,0,0,1,0,0,0,0,0,1,0,0,0,1,1,1,1,0,0,0,0,0,0
2015-01-30,38.85208333333333,31.949166666666667,1016.5,52.833333333333336,12.34125,256.25,0.0,0.0,70.0,0.0,0.0,29.93,32.83,0,1,0,0,0,0,0,0,0,1,1,0,0,0,0,0,0,0,0,0,0,1,1,0,0,0,0,0,0,0
2015-01-31,26.37291666666667,15.582083333333335,1026.125,40.291666666666664,14.140416666666667,304.1666666666667,0.0,0.0,7.333333333333333,0.0,0.0,18.05,20.77,1,1,0,0,0,0,0,0,0,0,1,0,0,0,0,0,0,0,0,0,0,0,0,1,0,0,0,0,0,0
2015-02-01,33.035000000000004,30.0725,1024.375,53.583333333333336,3.4600000000000004,130.0,0.0,0.0,68.29166666666667,0.0,0.0,21.09,26.71,1,1,0,0,0,0,0,0,0,1,0,0,0,0,0,0,0,0,0,0,0,1,1,1,0,0,0,0,0,0
2015-02-02,39.79115384615385,35.28807692307692,1004.1153846153846,68.46153846153847,8.785769230769231,152.69230769230768,0.6224999999999999,0.0,84.42307692307692,9.959999999999999,0.0,29.57,31.75,0,1,0,0,1,1,1,0,0,1,0,0,1,0,0,0,1,0,0,1,1,1,1,0,0,0,0,0,0,0
2015-02-03,29.166666666666668,19.645,1023.8333333333334,40.916666666666664,11.84625,297.9166666666667,0.0,0.0,30.291666666666668,0.0,0.0,22.01,24.73,1,1,0,0,0,0,0,0,0,1,1,0,0,0,0,0,0,0,0,0,0,1,1,1,0,0,0,0,0,0
2015-02-04,37.01291666666666,31.342083333333335,1023.5,50.625,7.838333333333334,180.0,0.0,0.0,59.375,0.0,0.0,22.89,29.77,1,1,0,0,0,0,0,0,0,1,1,0,0,0,0,0,0,0,0,0,0,1,1,1,0,0,0,0,0,0
2015-02-05,38.335,30.1725,1017.125,42.666666666666664,15.6875,274.5833333333333,0.0,0.0,63.791666666666664,0.0,0.0,25.97,27.79,1,1,0,0,0,0,0,0,0,1,1,0,0,0,0,0,0,0,0,0,0,1,1,1,0,0,0,0,0,0
2015-02-06,25.254583333333333,16.049166666666668,1026.375,35.833333333333336,10.280416666666666,257.9166666666667,0.0,0.0,33.208333333333336,0.0,0.0,12.09,17.71,1,1,0,0,0,0,0,0,0,1,1,0,0,0,0,0,0,0,0,0,0,1,1,1,0,0,0,0,0,0
2015-02-07,35.725833333333334,33.38041666666667,1021.0,45.416666666666664,3.345833333333333,102.08333333333333,0.0,0.0,54.583333333333336,0.0,0.0,21.09,27.79,1,1,0,0,0,0,0,0,0,1,1,0,0,0,0,0,0,0,0,0,0,1,1,1,0,0,0,0,0,0
2015-02-08,44.12125,41.61083333333333,1012.375,50.625,4.0200000000000005,74.58333333333333,0.0,0.0,80.0,0.0,0.0,30.09,34.81,0,1,0,0,0,0,0,0,0,1,0,0,0,0,0,0,0,0,0,0,0,1,1,0,0,0,0,0,0,0
2015-02-09,40.695517241379314,34.69965517241379,1011.1724137931035,71.62068965517241,9.54103448275862,40.3448275862069,0.23555555555555557,0.0,83.10344827586206,2.12,0.0,35.49,36.05,0,1,1,0,1,1,1,0,0,0,0,0,1,0,0,1,1,0,0,1,0,1,1,0,0,0,0,0,0,0
2015-02-10,35.091153846153844,25.911923076923078,1015.8846153846154,76.5,14.204615384615384,127.3076923076923,0.48,0.22,87.5,2.88,0.66,30.11,32.83,0,1,1,0,1,0,1,1,0,1,0,0,1,0,0,1,1,0,1,0,0,1,1,0,0,0,0,0,0,0
2015-02-11,35.94541666666667,28.830416666666665,1017.9166666666666,55.833333333333336,10.085416666666667,252.08333333333334,0.0,0.0,18.541666666666668,0.0,0.0,26.87,29.77,1,1,0,0,0,0,0,0,0,1,1,0,0,0,0,0,0,0,0,0,0,0,1,1,0,0,0,0,0,0
2015-02-12,36.541599999999995,30.4752,1012.04,59.8,9.08,228.56,0.1875,0.0,79.52,0.75,0.0,32.23,34.81,0,1,0,0,0,0,1,1,0,1,1,0,0,0,0,0,1,0,1,0,0,1,1,0,0,0,0,0,0,0
2015-02-13,22.096249999999998,10.417916666666667,1023.0833333333334,38.333333333333336,17.186666666666667,317.0833333333333,0.0,0.0,22.583333333333332,0.0,0.0,12.83,15.13,1,1,0,0,0,0,0,0,0,0,1,0,0,0,0,0,0,0,0,0,0,0,1,1,0,0,0,0,0,0
2015-02-14,30.410833333333333,23.1075,1013.0,40.125,8.957083333333333,181.25,0.27,0.0,68.5,0.27,0.0,17.49,23.83,1,1,0,0,0,0,1,0,0,1,0,0,0,0,0,0,1,0,0,0,0,1,1,1,0,0,0,0,0,0
2015-02-15,17.9924,5.513999999999999,1015.04,41.44,22.8336,305.6,0.51,0.37,29.92,0.51,0.74,7.59,10.42,1,1,0,0,0,1,1,1,0,1,1,0,0,0,0,0,1,0,1,1,0,0,1,1,0,0,0,0,0,0
2015-02-16,13.972916666666668,3.295833333333334,1027.3333333333333,40.708333333333336,11.147916666666667,277.5,0.0,0.34750000000000003,52.458333333333336,0.0,1.3900000000000001,7.25,9.79,1,1,0,0,0,0,0,1,0,0,0,0,0,0,0,0,0,0,1,0,0,1,1,1,0,0,0,0,0,0
2015-02-17,20.449583333333333,13.357083333333334,1015.5,65.5,5.797916666666667,176.66666666666666,0.0,0.9345454545454545,71.45833333333333,0.0,10.28,15.53,15.89,0,1,0,0,0,0,0,1,0,1,1,0,0,0,1,0,0,0,1,0,0,1,1,0,1,0,0,0,0,0
2015-02-18,24.20375,19.25,1013.0833333333334,59.25,4.857083333333333,125.83333333333333,0.0,0.21,54.166666666666664,0.0,0.21,8.49,14.81,0,1,0,0,0,0,0,1,0,1,1,0,0,0,0,0,0,0,1,0,0,1,1,0,0,0,0,0,0,0
2015-02-19,19.006249999999998,6.720416666666666,1016.2916666666666,38.458333333333336,16.329166666666666,292.5,0.0,0.36,35.291666666666664,0.0,0.72,11.93,13.89,1,1,0,0,0,0,0,1,0,1,1,0,0,0,0,0,0,0,1,0,0,0,1,1,1,0,0,0,0,0
2015-02-20,12.621666666666668,1.3520833333333335,1028.0833333333333,36.541666666666664,10.653333333333334,286.25,0.0,0.0,21.375,0.0,0.0,3.83,5.83,1,1,0,0,0,0,0,0,0,1,1,0,0,0,0,0,0,0,0,0,0,1,1,1,0,0,0,0,0,0
2015-02-21,19.392916666666668,8.827916666666667,1030.4583333333333,55.416666666666664,9.43125,179.16666666666666,0.0,0.722857142857143,52.125,0.0,5.0600000000000005,4.89,14.83,1,1,0,0,0,0,0,1,0,1,1,0,0,0,0,0,0,0,1,0,0,1,1,1,1,0,0,0,0,0
2015-02-22,37.294444444444444,33.927499999999995,1021.8888888888889,80.27777777777777,4.436111111111111,120.55555555555556,0.5878260869565217,1.58,85.13888888888889,13.52,1.58,27.77,31.75,0,1,1,0,1,1,1,1,0,1,0,0,1,0,0,1,1,0,0,1,1,0,1,0,1,0,0,0,0,0
2015-02-23,35.43333333333333,27.159583333333334,1026.5,52.666666666666664,12.90875,297.9166666666667,0.0,0.0,79.375,0.0,0.0,25.43,27.79,0,1,0,0,0,0,0,0,0,1,0,0,0,0,0,0,0,0,0,0,0,1,1,0,0,0,0,0,0,0
2015-02-24,21.3125,11.39875,1026.2083333333333,37.625,9.32,221.25,0.0,0.0,45.625,0.0,0.0,6.69,14.83,0,1,0,0,0,0,0,0,0,1,1,0,0,0,0,0,0,0,0,0,0,0,1,0,0,0,0,0,0,0
2015-02-25,29.184166666666666,24.026666666666667,1013.0,53.666666666666664,5.37875,165.0,0.0,0.0,56.458333333333336,0.0,0.0,17.49,21.67,0,1,0,0,0,0,0,0,0,1,1,0,0,0,0,0,0,0,0,0,0,1,1,0,0,0,0,0,0,0
2015-02-26,33.483333333333334,28.198333333333334,1014.125,66.83333333333333,6.46875,114.16666666666667,0.0,0.445,85.20833333333333,0.0,3.56,29.95,31.75,0,1,0,0,0,0,0,1,0,1,0,0,0,0,0,0,0,0,1,0,0,1,1,0,1,0,0,0,0,0
2015-02-27,31.229583333333334,25.357083333333335,1026.25,58.0,7.810833333333334,195.0,0.0,0.0,69.33333333333333,0.0,0.0,26.1,30.09,0,1,0,0,0,0,0,0,0,1,1,0,0,0,0,0,0,0,0,0,0,1,1,0,0,0,0,0,0,0
2015-02-28,25.616666666666664,18.507916666666667,1041.3333333333333,38.416666666666664,6.77625,215.0,0.0,0.0,34.666666666666664,0.0,0.0,17.49,20.07,1,1,0,0,0,0,0,0,0,1,1,0,0,0,0,0,0,0,0,0,0,0,1,1,0,0,0,0,0,0
2015-03-01,28.74857142857143,23.141428571428573,1036.25,67.10714285714286,5.608928571428572,159.28571428571428,0.0,1.1154545454545455,72.03571428571429,0.0,12.27,19.29,24.73,1,1,0,0,0,1,1,1,0,1,1,0,0,0,0,0,1,0,1,1,0,1,1,1,1,0,0,0,0,0
2015-03-02,36.864285714285714,32.02178571428571,1023.7857142857143,72.57142857142857,7.878571428571428,195.35714285714286,0.6224999999999999,0.53,71.25,4.9799999999999995,1.06,31.89,32.83,0,1,0,1,0,1,1,1,0,1,1,1,0,0,0,0,1,0,0,1,1,1,1,0,1,0,0,0,0,0
2015-03-03,33.2996,26.4636,1028.12,54.76,8.499600000000001,204.8,0.21333333333333335,0.11,69.88,0.64,0.22,24.69,30.67,1,1,0,0,0,0,1,1,0,1,1,0,0,0,0,0,1,0,1,0,0,1,1,1,0,0,0,0,0,0
2015-03-04,42.74411764705882,38.745294117647056,1012.9117647058823,81.58823529411765,6.864117647058824,172.05882352941177,0.7713333333333333,0.0,88.52941176470588,11.57,0.0,31.89,33.73,0,1,0,0,1,1,1,0,0,0,0,0,1,0,0,0,1,0,0,1,1,1,1,0,0,0,0,0,0,0
2015-03-05,38.57589743589744,32.03025641025641,1018.1025641025641,84.07692307692308,9.884358974358975,293.5897435897436,0.7824,1.565,90.0,19.56,12.52,26.33,28.15,0,0,0,1,0,1,1,1,0,0,0,1,0,0,1,0,1,0,1,1,1,0,0,0,1,0,0,0,0,0
2015-03-06,22.911666666666665,13.408333333333333,1033.25,51.291666666666664,9.735000000000001,248.33333333333334,0.0,0.22333333333333336,23.708333333333332,0.0,0.67,12.09,15.73,1,1,0,0,0,0,0,1,0,1,1,0,0,0,0,0,0,0,1,0,0,1,1,1,0,0,0,0,0,0
2015-03-07,28.903333333333336,22.612083333333334,1027.375,56.958333333333336,7.2875000000000005,198.75,0.0,0.0,28.541666666666668,0.0,0.0,12.09,19.69,1,1,0,0,0,0,0,0,0,1,1,0,0,0,0,0,0,0,0,0,0,0,1,1,0,0,0,0,0,0
2015-03-08,46.04583333333333,42.86541666666667,1020.3333333333334,48.625,7.050000000000001,202.91666666666666,0.0,0.0,37.583333333333336,0.0,0.0,28.29,35.33,1,1,0,0,0,0,0,0,0,1,1,0,0,0,0,0,0,0,0,0,0,0,1,1,0,0,0,0,0,0
2015-03-09,46.85708333333333,45.123333333333335,1022.1666666666666,53.291666666666664,2.7795833333333335,95.0,0.0,0.0,72.95833333333333,0.0,0.0,31.89,37.13,1,1,0,0,0,0,0,0,0,1,0,0,0,0,0,0,0,0,0,0,0,1,1,1,0,0,0,0,0,0
2015-03-10,45.4904,43.4868,1023.36,67.64,3.3684000000000003,80.4,0.37875000000000003,0.0,77.8,3.0300000000000002,0.0,31.89,39.67,0,1,0,0,0,1,1,0,0,1,0,0,0,0,0,0,1,0,0,1,0,1,1,0,0,0,0,0,0,0
2015-03-11,49.71225,48.45975,1017.175,82.275,3.7725,135.5,0.44034482758620686,0.0,87.4,12.77,0.0,43.52,46.51,1,1,0,1,1,1,1,0,0,1,0,1,1,0,0,0,1,0,0,1,1,1,0,1,0,0,0,0,0,0
2015-03-12,50.130833333333335,46.28916666666667,1028.9166666666667,38.333333333333336,8.770416666666668,252.08333333333334,0.0,0.0,22.541666666666668,0.0,0.0,42.39,45.03,1,1,0,0,0,0,0,0,0,1,1,0,0,0,0,0,0,0,0,0,0,0,1,1,0,0,0,0,0,0
2015-03-13,42.64041666666667,40.564166666666665,1035.0833333333333,45.291666666666664,3.9804166666666667,80.83333333333333,0.0,0.0,57.375,0.0,0.0,30.09,33.31,1,1,0,0,0,0,0,0,0,1,1,0,0,0,0,0,0,0,0,0,0,1,1,1,0,0,0,0,0,0
2015-03-14,47.10666666666667,44.71962962962963,1019.7037037037037,84.0,6.927037037037037,161.4814814814815,0.6790909090909091,0.0,90.0,14.94,0.0,41.74,42.69,0,1,0,0,0,1,1,0,0,0,0,0,0,0,0,0,1,0,0,1,1,1,0,0,0,0,0,0,0,0
2015-03-15,51.0248,48.5268,1012.92,63.28,11.390799999999999,254.8,0.16,0.0,48.64,0.32,0.0,42.69,47.48,1,1,0,0,0,1,1,0,0,1,1,0,0,0,0,0,1,0,0,1,0,1,1,1,0,0,0,0,0,0
2015-03-16,47.07749999999999,44.15625,1017.0416666666666,58.416666666666664,5.144583333333333,169.16666666666666,0.0,0.0,58.875,0.0,0.0,31.89,38.77,1,1,0,0,0,0,0,0,0,1,1,0,0,0,0,0,0,0,0,0,0,1,1,1,0,0,0,0,0,0
2015-03-17,56.37875,53.92666666666667,1008.0833333333334,53.333333333333336,10.149166666666668,210.83333333333334,0.0,0.0,69.79166666666667,0.0,0.0,44.49,48.85,0,1,0,0,0,0,0,0,0,1,0,0,0,0,0,0,0,0,0,0,0,1,1,0,0,0,0,0,0,0
2015-03-18,41.925000000000004,35.602916666666665,1020.2916666666666,29.541666666666668,13.812916666666666,302.0833333333333,0.0,0.0,34.125,0.0,0.0,31.89,33.46,1,1,0,0,0,0,0,0,0,1,1,0,0,0,0,0,0,0,0,0,0,1,1,1,0,0,0,0,0,0
2015-03-19,41.3725,39.807916666666664,1025.1666666666667,44.125,2.6945833333333336,78.33333333333333,0.0,0.0,44.708333333333336,0.0,0.0,30.09,33.94,1,1,0,0,0,0,0,0,0,1,1,0,0,0,0,0,0,0,0,0,0,1,1,1,0,0,0,0,0,0
2015-03-20,37.43096774193548,33.20322580645161,1023.4193548387096,79.3225806451613,5.961290322580646,60.96774193548387,1.0195238095238095,0.0,89.03225806451613,21.41,0.0,33.69,34.83,0,1,0,0,0,1,1,1,0,1,0,0,0,0,0,0,1,1,1,1,1,1,0,0,0,0,0,0,0,0
2015-03-21,42.08291666666667,39.13291666666667,1018.75,78.04166666666667,5.742916666666667,228.75,0.0,0.0,64.79166666666667,0.0,0.0,31.55,35.35,0,1,0,0,1,0,0,0,0,1,1,0,1,0,0,0,0,0,0,0,0,1,1,0,0,0,0,0,0,0
2015-03-22,48.96041666666667,44.8525,1018.0,47.375,9.422916666666667,256.6666666666667,0.0,0.0,55.875,0.0,0.0,42.37,44.19,1,1,0,0,0,0,0,0,0,1,0,0,0,0,0,0,0,0,0,0,0,0,1,1,0,0,0,0,0,0
2015-03-23,40.47166666666667,36.65291666666666,1022.75,33.416666666666664,5.96625,123.33333333333333,0.0,0.0,35.375,0.0,0.0,31.6,33.21,1,1,0,0,0,0,0,0,0,1,1,0,0,0,0,0,0,0,0,0,0,0,1,1,0,0,0,0,0,0
2015-03-24,39.49458333333333,36.90125,1025.8333333333333,39.083333333333336,3.7937499999999997,47.916666666666664,0.0,0.0,74.45833333333333,0.0,0.0,35.49,37.85,1,1,0,0,0,0,0,0,0,1,0,0,0,0,0,0,0,0,0,0,0,1,1,1,0,0,0,0,0,0
2015-03-25,38.82958333333333,36.31041666666667,1028.0,58.958333333333336,4.027916666666667,90.41666666666667,0.27,0.0,67.125,0.54,0.0,28.29,34.81,1,1,0,0,0,0,1,0,0,1,0,0,0,0,0,0,1,0,0,0,0,1,1,1,0,0,0,0,0,0
2015-03-26,55.284,53.283199999999994,1013.56,66.92,8.8852,190.4,0.5216666666666666,0.0,77.0,3.13,0.0,44.49,49.75,0,1,0,0,0,1,1,0,0,1,0,0,0,0,0,0,1,0,0,1,1,1,1,0,0,0,0,0,0,0
2015-03-27,48.505199999999995,45.09479999999999,1008.2,70.68,9.9952,268.8,0.6188888888888889,0.0,83.84,11.14,0.0,40.89,41.85,1,1,0,0,0,0,1,0,1,1,0,0,0,0,0,0,1,0,0,0,1,1,1,1,0,0,0,1,0,0
2015-03-28,36.470416666666665,27.43375,1014.2083333333334,42.875,14.922083333333333,315.0,0.0,0.0,62.125,0.0,0.0,29.95,31.89,1,1,0,0,0,0,0,0,0,1,1,0,0,0,0,0,0,0,0,0,0,1,1,1,0,0,0,0,0,0
2015-03-29,33.7575,26.094583333333333,1026.2083333333333,31.875,9.880833333333333,265.8333333333333,0.0,0.0,8.875,0.0,0.0,25.27,27.79,1,1,0,0,0,0,0,0,0,1,1,0,0,0,0,0,0,0,0,0,0,0,1,1,0,0,0,0,0,0
2015-03-30,48.12625,43.69083333333333,1015.5,35.25,10.029583333333333,189.16666666666666,0.385,0.0,62.25,0.77,0.0,37.29,40.89,1,1,0,0,0,0,1,0,0,1,0,0,0,0,0,0,1,0,0,0,0,1,1,1,0,0,0,0,0,0
2015-03-31,53.97708333333333,51.48500000000001,1010.5416666666666,38.541666666666664,10.700416666666667,207.5,0.295,0.0,39.125,1.18,0.0,35.49,44.71,1,1,0,0,0,0,1,0,0,1,1,0,0,0,0,0,1,0,0,0,0,0,1,1,0,0,0,0,0,0
2015-04-01,47.80375,43.14166666666667,1017.2083333333334,52.125,11.762083333333335,280.8333333333333,0.0,0.0,22.75,0.0,0.0,31.89,40.75,1,1,0,0,0,0,1,0,0,0,1,0,0,0,0,0,1,0,0,0,0,0,1,1,0,0,0,0,0,0
2015-04-02,52.29208333333333,48.98500000000001,1022.5833333333334,49.041666666666664,11.911666666666667,185.41666666666666,0.0,0.0,27.833333333333332,0.0,0.0,35.49,41.83,1,1,0,0,0,0,0,0,0,1,1,0,0,0,0,0,0,0,0,0,0,1,1,1,0,0,0,0,0,0
2015-04-03,65.58239999999999,64.7856,1012.44,62.64,10.1196,192.4,0.7083333333333334,0.0,67.32,8.5,0.0,60.69,62.71,1,1,0,0,0,1,1,0,0,1,1,0,0,0,0,0,1,0,0,1,1,1,1,1,0,0,0,0,0,0
2015-04-04,59.100833333333334,56.97875,1011.8333333333334,48.166666666666664,15.658333333333333,277.0833333333333,0.64,0.0,55.916666666666664,3.84,0.0,53.22,53.78,1,1,0,0,0,0,1,0,0,1,1,0,0,0,0,0,1,0,0,0,1,1,1,1,0,0,0,0,0,0
2015-04-05,51.84291666666667,48.681666666666665,1024.5,32.083333333333336,8.389166666666666,204.16666666666666,0.0,0.0,22.208333333333332,0.0,0.0,35.49,42.73,1,1,0,0,0,0,0,0,0,1,1,0,0,0,0,0,0,0,0,0,0,0,1,1,0,0,0,0,0,0
2015-04-06,59.61375,57.219166666666666,1023.5416666666666,35.958333333333336,9.47875,166.25,0.0,0.0,41.375,0.0,0.0,39.09,47.77,1,1,0,0,0,0,0,0,0,1,1,0,0,0,0,0,0,0,0,0,0,0,1,1,0,0,0,0,0,0
2015-04-07,65.79708333333333,65.09833333333334,1020.7083333333334,64.33333333333333,9.237083333333333,178.75,0.3114285714285714,0.0,75.83333333333333,2.1799999999999997,0.0,57.09,59.65,0,1,0,0,0,0,1,0,0,1,0,0,0,0,0,0,1,0,0,0,0,1,1,0,0,0,0,0,0,0
2015-04-08,50.35363636363637,46.74727272727273,1022.5454545454545,85.54545454545455,11.096363636363636,66.36363636363636,0.9770588235294118,0.0,90.0,16.61,0.0,44.49,45.95,0,1,1,0,0,1,1,0,0,0,0,0,0,1,0,1,1,0,0,1,1,1,0,0,0,0,0,0,0,0
2015-04-09,45.38074074074074,41.18296296296297,1023.1481481481482,86.18518518518519,8.225555555555555,70.74074074074075,0.25,0.0,90.0,1.75,0.0,40.89,42.89,0,1,1,0,1,1,1,0,0,0,0,0,1,0,0,1,1,0,0,1,0,1,0,0,0,0,0,0,0,0
2015-04-10,49.90484848484848,47.75909090909091,1016.8484848484849,88.78787878787878,5.748787878787879,123.33333333333333,0.2757142857142857,0.0,90.0,1.93,0.0,42.69,44.71,0,1,1,0,1,1,1,0,0,0,0,0,1,0,0,1,1,0,0,1,0,1,0,0,0,0,0,0,0,0
2015-04-11,60.38125,58.24541666666667,1016.2083333333334,45.208333333333336,10.047916666666667,271.6666666666667,0.0,0.0,47.791666666666664,0.0,0.0,52.81,54.52,1,1,0,0,0,0,0,0,0,1,0,0,0,0,0,0,0,0,0,0,0,1,1,1,0,0,0,0,0,0
2015-04-12,54.76083333333333,52.23791666666667,1026.0,42.0,4.46375,160.0,0.0,0.0,25.958333333333332,0.0,0.0,35.49,44.71,1,1,0,0,0,0,0,0,0,1,1,0,0,0,0,0,0,0,0,0,0,0,1,1,0,0,0,0,0,0
2015-04-13,61.30875,59.55416666666667,1025.0,47.75,11.222083333333332,174.16666666666666,0.0,0.0,62.083333333333336,0.0,0.0,44.49,51.73,0,1,0,0,0,0,0,0,0,1,1,0,0,0,0,0,0,0,0,0,0,1,1,0,0,0,0,0,0,0
2015-04-14,61.87428571428571,61.27392857142858,1020.6428571428571,74.75,8.867857142857142,111.07142857142857,1.6144444444444443,0.0,78.92857142857143,29.06,0.0,53.31,55.69,0,1,0,0,0,1,1,0,0,1,0,0,0,0,0,0,1,0,0,1,1,1,1,0,0,0,0,0,0,0
2015-04-15,57.29083333333333,55.1325,1022.9166666666666,51.375,7.736249999999999,182.08333333333334,0.25333333333333335,0.0,84.58333333333333,0.76,0.0,48.99,52.81,0,1,0,0,0,0,1,0,0,1,0,0,0,0,0,0,1,0,0,0,0,1,1,0,0,0,0,0,0,0
2015-04-16,59.79708333333334,57.49791666666667,1028.0,42.958333333333336,4.232083333333333,85.41666666666667,0.0,0.0,68.41666666666667,0.0,0.0,48.09,53.71,1,1,0,0,0,0,0,0,0,1,1,0,0,0,0,0,0,0,0,0,0,1,1,1,0,0,0,0,0,0
2015-04-17,65.31958333333334,64.73166666666667,1019.7916666666666,67.70833333333333,6.821666666666666,163.75,0.45333333333333337,0.0,73.58333333333333,2.72,0.0,56.48,57.09,1,1,0,0,0,0,1,0,0,1,0,0,0,0,0,0,1,0,0,0,0,1,1,1,0,0,0,0,0,0
2015-04-18,68.48625,68.01625,1015.5,61.625,3.001666666666667,103.75,0.3,0.0,50.25,0.3,0.0,55.29,60.73,1,1,0,0,0,0,1,0,0,1,1,0,0,0,0,0,1,0,0,0,0,1,1,1,0,0,0,0,0,0
2015-04-19,63.54,61.87583333333333,1018.7916666666666,48.541666666666664,9.517916666666666,98.75,0.31,0.0,57.166666666666664,0.62,0.0,56.43,58.75,1,1,0,0,0,0,1,0,0,1,0,0,0,0,0,0,1,0,0,0,0,1,0,1,0,0,0,0,0,0
2015-04-20,65.25666666666667,65.11333333333333,1006.0833333333334,77.25,10.51375,140.0,1.9307142857142856,0.0,86.25,27.029999999999998,0.0,51.69,54.52,0,1,0,0,0,0,1,0,0,1,0,0,0,1,0,0,1,0,0,0,1,1,0,0,0,0,0,0,0,0
2015-04-21,63.4508,61.986000000000004,1005.24,53.0,11.7412,217.2,3.272,0.0,56.84,16.36,0.0,55.87,57.67,1,1,0,0,0,0,1,0,1,1,1,0,0,1,0,0,1,0,0,0,1,0,1,1,0,1,0,1,0,0
2015-04-22,58.416666666666664,56.180416666666666,1007.4583333333334,47.041666666666664,9.555,234.16666666666666,0.5866666666666667,0.0,42.916666666666664,1.76,0.0,44.49,50.83,1,1,0,0,0,0,1,0,0,1,1,0,0,0,0,0,1,0,0,0,1,1,1,1,0,0,0,0,0,0
2015-04-23,51.345416666666665,47.74166666666667,1010.2083333333334,37.791666666666664,12.06,295.4166666666667,0.0,0.0,54.916666666666664,0.0,0.0,40.5,45.03,1,1,0,0,0,0,0,0,0,1,1,0,0,0,0,0,0,0,0,0,0,1,1,1,0,0,0,0,0,0
2015-04-24,49.19166666666666,43.88666666666666,1014.75,35.958333333333336,13.46,313.75,0.0,0.0,33.916666666666664,0.0,0.0,39.09,41.38,1,1,0,0,0,0,0,0,0,1,1,0,0,0,0,0,0,0,0,0,0,0,1,1,0,0,0,0,0,0
2015-04-25,48.31791666666667,45.161249999999995,1013.5,49.208333333333336,6.011666666666667,206.25,0.6433333333333334,0.0,75.66666666666667,1.9300000000000002,0.0,37.29,46.69,1,1,0,0,0,0,1,0,0,1,0,0,0,0,0,0,1,0,0,0,0,1,1,1,0,0,0,0,0,0
2015-04-26,52.12166666666667,49.27791666666667,1006.2083333333334,62.25,5.3879166666666665,180.0,0.9042857142857142,0.0,72.91666666666667,6.33,0.0,42.69,46.06,0,1,0,0,0,0,1,0,0,1,0,0,0,0,0,0,1,0,0,0,1,1,1,0,0,0,0,0,0,0
2015-04-27,53.61708333333333,50.58208333333334,1008.0833333333334,47.125,9.358333333333333,259.1666666666667,0.1,0.0,61.875,0.1,0.0,40.89,48.67,0,1,0,0,0,0,1,0,0,1,1,0,0,0,0,0,1,0,0,0,0,1,1,0,0,0,0,0,0,0
2015-04-28,57.4125,54.65833333333333,1012.1666666666666,48.541666666666664,12.359583333333333,308.75,0.0,0.0,51.166666666666664,0.0,0.0,46.29,48.69,1,1,0,0,0,0,1,0,0,1,1,0,0,0,0,0,1,0,0,0,0,1,1,1,0,0,0,0,0,0
2015-04-29,62.248333333333335,60.518750000000004,1008.875,48.25,3.8970833333333332,136.66666666666666,0.0,0.0,24.875,0.0,0.0,42.69,53.71,1,1,0,0,0,0,0,0,0,1,1,0,0,0,0,0,0,0,0,0,0,0,1,1,0,0,0,0,0,0
2015-04-30,62.46875,61.010416666666664,1005.125,55.25,4.865833333333334,135.41666666666666,1.725,0.0,62.208333333333336,3.45,0.0,48.09,55.69,1,1,0,0,0,0,1,0,0,1,0,0,0,0,0,0,1,0,0,0,1,1,1,1,0,0,0,0,0,0
2015-05-01,57.43333333333334,55.97541666666667,1012.1666666666666,65.95833333333333,9.0325,112.5,0.355,0.0,86.04166666666667,2.84,0.0,53.49,55.15,0,1,0,0,0,0,1,0,0,1,0,0,0,0,0,0,1,0,0,0,0,1,1,0,0,0,0,0,0,0
2015-05-02,60.43958333333333,58.88375,1015.5416666666666,57.416666666666664,3.3745833333333337,120.83333333333333,0.0,0.0,68.125,0.0,0.0,46.29,51.85,0,1,0,0,0,0,0,0,0,1,1,0,0,0,0,0,0,0,0,0,0,1,1,0,0,0,0,0,0,0
2015-05-03,66.6725,65.44083333333333,1018.2916666666666,49.166666666666664,5.369166666666666,181.25,0.0,0.0,35.25,0.0,0.0,53.49,56.77,1,1,0,0,0,0,0,0,0,1,1,0,0,0,0,0,0,0,0,0,0,0,1,1,0,0,0,0,0,0
2015-05-04,69.90166666666667,68.66000000000001,1022.1666666666666,51.75,7.913333333333333,192.08333333333334,0.0,0.0,24.083333333333332,0.0,0.0,49.89,57.67,1,1,0,0,0,0,0,0,0,1,1,0,0,0,0,0,0,0,0,0,0,0,1,1,0,0,0,0,0,0
2015-05-05,73.45666666666666,73.02,1023.1666666666666,54.958333333333336,7.8758333333333335,181.25,1.3,0.0,48.333333333333336,1.3,0.0,62.24,64.69,0,1,0,0,0,0,1,0,0,1,1,0,0,0,0,0,1,0,0,0,1,0,1,0,0,0,0,0,0,0
2015-05-06,71.63041666666666,72.05208333333333,1022.875,74.875,4.99625,119.58333333333333,0.86,0.0,47.75,0.86,0.0,58.89,63.79,1,1,0,0,0,0,1,0,0,1,1,0,0,0,0,0,1,0,0,0,0,0,1,1,0,0,0,0,0,0
2015-05-07,69.43583333333333,69.06416666666667,1022.0416666666666,63.708333333333336,4.278333333333333,78.33333333333333,0.0,0.0,45.291666666666664,0.0,0.0,57.09,61.81,1,1,0,0,0,0,0,0,0,1,1,0,0,0,0,0,0,0,0,0,0,0,1,1,0,0,0,0,0,0
2015-05-08,71.31875000000001,71.34208333333333,1020.2916666666666,66.75,4.185416666666667,106.25,0.0,0.0,54.5,0.0,0.0,57.09,59.92,1,1,0,0,0,0,0,0,0,1,1,0,0,0,0,0,0,0,0,0,0,1,1,1,0,0,0,0,0,0
2015-05-09,70.4704,70.6284,1022.48,72.84,6.2376,142.8,0.0,0.0,66.64,0.0,0.0,58.89,65.77,1,1,1,0,0,1,0,0,0,1,1,0,0,0,0,1,0,0,0,1,0,1,1,1,0,0,0,0,0,0
2015-05-10,74.24791666666667,75.11958333333332,1022.375,73.83333333333333,5.015,137.08333333333334,0.15,0.0,57.458333333333336,0.15,0.0,66.09,69.04,1,1,0,0,0,0,1,0,0,1,1,0,0,0,0,0,1,0,0,0,0,1,1,1,0,0,0,0,0,0
2015-05-11,74.28416666666666,75.04,1018.9166666666666,77.91666666666667,5.62,102.08333333333333,0.252,0.0,67.95833333333333,1.26,0.0,67.89,70.09,1,1,0,0,0,0,1,0,0,1,1,0,0,0,0,0,1,0,0,0,0,1,1,1,0,0,0,0,0,0
2015-05-12,77.26,77.61416666666666,1013.5,67.29166666666667,6.766666666666667,175.0,0.0,0.0,57.958333333333336,0.0,0.0,64.29,69.53,1,1,0,0,0,0,0,0,0,1,0,0,0,0,0,0,0,0,0,0,0,1,1,1,0,0,0,0,0,0
2015-05-13,68.61083333333333,66.92458333333333,1019.625,38.375,15.44375,322.0833333333333,0.0,0.0,61.5,0.0,0.0,60.69,62.67,1,1,0,0,0,0,0,0,0,1,0,0,0,0,0,0,0,0,0,0,0,1,1,1,0,0,0,0,0,0
2015-05-14,60.6575,58.5325,1028.6666666666667,44.875,8.352083333333333,214.16666666666666,0.0,0.0,40.416666666666664,0.0,0.0,49.89,53.71,1,1,0,0,0,0,0,0,0,1,1,0,0,0,0,0,0,0,0,0,0,1,1,1,0,0,0,0,0,0
2015-05-15,64.5625,63.24666666666667,1025.9583333333333,53.75,9.385416666666666,172.08333333333334,0.0,0.0,54.458333333333336,0.0,0.0,51.69,57.67,1,1,0,0,0,0,0,0,0,1,1,0,0,0,0,0,0,0,0,0,0,1,1,1,0,0,0,0,0,0
2015-05-16,73.8396,74.3596,1021.32,66.12,7.81,168.0,1.5,0.0,62.0,3.0,0.0,65.39,66.67,0,1,0,0,0,0,1,0,1,1,1,0,0,0,0,0,0,0,0,0,1,0,1,0,0,0,0,1,1,0
2015-05-17,74.58958333333334,75.6425,1021.7083333333334,78.08333333333333,4.577083333333333,142.5,0.5155555555555555,0.0,76.66666666666667,4.64,0.0,67.89,70.05,0,1,0,0,0,0,1,0,0,1,0,0,0,0,0,0,1,0,0,0,1,1,1,0,0,0,0,0,0,0
2015-05-18,78.98166666666667,80.77166666666666,1019.2083333333334,69.25,4.130416666666666,137.5,2.55,0.0,53.416666666666664,5.1,0.0,67.89,72.79,1,1,0,0,0,0,1,0,1,1,0,0,0,0,0,0,0,0,0,0,1,1,1,1,0,0,0,0,1,0
2015-05-19,76.65440000000001,77.616,1014.64,76.24,4.7964,139.6,12.446666666666667,0.0,74.0,37.34,0.0,67.89,70.3,0,1,0,0,0,0,1,0,1,1,0,0,0,0,0,0,0,0,0,0,1,1,1,0,0,0,0,0,1,1
2015-05-20,69.7725,68.59708333333333,1014.1666666666666,45.25,13.384583333333333,314.1666666666667,0.0,0.0,44.916666666666664,0.0,0.0,58.89,61.86,1,1,0,0,0,0,0,0,0,1,1,0,0,0,0,0,0,0,0,0,0,1,1,1,0,0,0,0,0,0
2015-05-21,57.026923076923076,55.615,1015.7307692307693,67.8076923076923,8.250769230769231,85.0,0.8490909090909091,0.0,84.42307692307692,9.34,0.0,51.69,53.35,0,1,0,0,0,1,1,0,0,1,0,0,0,0,0,0,1,0,0,1,1,1,1,0,0,0,0,0,0,0
2015-05-22,61.62625,60.231249999999996,1017.125,58.291666666666664,8.613333333333333,281.25,0.0,0.0,27.958333333333332,0.0,0.0,49.89,53.58,1,1,0,0,0,0,0,0,0,1,1,0,0,0,0,0,0,0,0,0,0,1,1,1,0,0,0,0,0,0
2015-05-23,63.751666666666665,61.38916666666666,1027.8333333333333,33.25,6.329583333333333,182.91666666666666,0.0,0.0,17.625,0.0,0.0,46.29,54.79,1,1,0,0,0,0,0,0,0,1,1,0,0,0,0,0,0,0,0,0,0,0,1,1,0,0,0,0,0,0
2015-05-24,67.205,66.27624999999999,1028.0,56.208333333333336,8.03375,178.33333333333334,0.0,0.0,25.916666666666668,0.0,0.0,48.09,57.67,1,1,0,0,0,0,0,0,0,1,1,0,0,0,0,0,0,0,0,0,0,0,1,1,0,0,0,0,0,0
2015-05-25,74.96,74.7725,1024.3333333333333,57.083333333333336,10.988333333333335,187.91666666666666,0.0,0.0,51.916666666666664,0.0,0.0,64.29,66.67,1,1,0,0,0,0,0,0,0,1,1,0,0,0,0,0,0,0,0,0,0,0,1,1,0,0,0,0,0,0
2015-05-26,76.95666666666666,77.915,1022.75,61.5,10.588333333333333,185.83333333333334,0.0,0.0,59.25,0.0,0.0,66.96,67.89,1,1,0,0,0,0,0,0,0,1,1,0,0,0,0,0,0,0,0,0,0,1,1,1,0,0,0,0,0,0
2015-05-27,78.99583333333334,80.65541666666667,1020.8333333333334,69.08333333333333,9.422916666666667,182.08333333333334,2.5,0.0,63.541666666666664,10.0,0.0,72.75,73.6,0,1,0,0,0,0,1,0,0,1,0,0,0,1,0,0,1,0,0,0,1,1,1,0,0,0,0,0,0,0
2015-05-28,77.85583333333334,78.83333333333333,1021.0833333333334,69.66666666666667,5.5275,138.75,0.3,0.0,59.541666666666664,0.3,0.0,67.89,70.34,1,1,0,0,0,0,1,0,1,1,1,0,0,0,0,0,1,0,0,0,0,1,1,1,0,0,0,1,0,0
2015-05-29,76.9275,78.22875,1023.5,71.79166666666667,5.480833333333333,79.58333333333333,0.0,0.0,64.41666666666667,0.0,0.0,69.69,71.37,1,1,0,0,0,0,0,0,0,1,0,0,0,0,0,0,0,0,0,0,0,1,1,1,0,0,0,0,0,0
2015-05-30,77.99125,78.90291666666667,1021.4583333333334,66.95833333333333,8.762083333333333,159.16666666666666,0.0,0.0,45.5,0.0,0.0,69.48,71.35,1,1,0,0,0,0,0,0,0,1,0,0,0,0,0,0,0,0,0,0,0,0,1,1,0,0,0,0,0,0
2015-05-31,79.42666666666666,80.51333333333334,1017.1666666666666,63.75,11.278333333333334,177.91666666666666,0.12,0.0,47.583333333333336,0.12,0.0,71.49,72.41,1,1,0,0,0,0,1,0,0,1,0,0,0,0,0,0,1,0,0,0,0,1,1,1,0,0,0,0,0,0
2015-06-01,78.94481481481482,80.5037037037037,1015.5555555555555,69.74074074074075,8.55888888888889,154.8148148148148,1.51,0.0,65.07407407407408,10.57,0.0,71.49,72.23,1,1,0,0,0,0,1,0,1,1,0,0,0,0,0,0,1,0,0,0,1,1,1,1,0,1,0,1,1,0
2015-06-02,65.47500000000001,65.94676470588236,1017.3235294117648,89.94117647058823,9.836764705882352,76.17647058823529,1.1815384615384614,0.0,88.08823529411765,30.72,0.0,58.89,61.81,0,1,1,0,1,1,1,0,1,0,0,0,1,1,0,1,1,0,0,1,1,1,0,0,0,0,1,0,1,0
2015-06-03,59.95724137931035,59.638275862068966,1021.2413793103449,84.86206896551724,11.176896551724138,42.758620689655174,0.1542857142857143,0.0,90.0,1.08,0.0,57.09,59.83,0,1,1,0,1,1,1,0,0,0,0,0,1,0,0,1,1,0,0,1,0,1,0,0,0,0,0,0,0,0
2015-06-04,62.01499999999999,61.753750000000004,1022.1666666666666,81.66666666666667,8.657916666666667,50.0,0.585,0.0,90.0,8.19,0.0,57.09,59.77,0,1,1,0,1,0,1,0,0,0,0,0,1,0,0,1,1,0,0,0,1,1,0,0,0,0,0,0,0,0
2015-06-05,63.1084,63.04,1019.0,83.4,6.7463999999999995,55.2,0.31636363636363635,0.0,89.4,3.48,0.0,57.09,59.83,0,1,0,0,0,1,1,0,0,1,0,0,0,0,0,0,1,0,0,1,0,1,0,0,0,0,0,0,0,0
2015-06-06,71.59125,71.90458333333333,1013.7083333333334,72.20833333333333,7.280833333333334,206.25,0.40875,0.0,65.83333333333333,3.27,0.0,62.49,65.77,0,1,0,0,0,0,1,0,0,1,0,0,0,0,0,0,1,0,0,0,1,1,1,0,0,0,0,0,0,0
2015-06-07,70.88375,70.8075,1019.5416666666666,66.66666666666667,7.82,124.58333333333333,0.12,0.0,69.16666666666667,0.24,0.0,63.97,67.89,0,1,0,0,0,0,1,0,0,1,0,0,0,0,0,0,1,0,0,0,0,1,1,0,0,0,0,0,0,0
2015-06-08,73.77916666666667,74.73625,1015.0833333333334,64.08333333333333,12.44375,183.75,3.0,0.0,55.916666666666664,3.0,0.0,62.49,65.44,1,1,0,0,0,0,1,0,0,1,0,0,0,0,0,0,0,0,0,0,1,1,1,1,0,0,0,0,0,0
2015-06-09,77.64541666666666,78.18124999999999,1008.125,67.375,10.150833333333333,227.5,0.775,0.0,73.33333333333333,3.1,0.0,69.69,71.71,0,1,0,0,0,0,1,0,0,1,0,0,0,1,0,0,1,0,0,0,1,1,1,0,0,0,0,0,0,0
2015-06-10,75.28291666666667,75.18833333333333,1011.9583333333334,55.333333333333336,6.916250000000001,202.08333333333334,0.0,0.0,24.916666666666668,0.0,0.0,60.69,67.75,1,1,0,0,0,0,0,0,0,1,1,0,0,0,0,0,0,0,0,0,0,0,1,1,0,0,0,0,0,0
2015-06-11,79.6875,81.65583333333333,1013.4166666666666,64.16666666666667,7.36375,176.25,0.13,0.0,43.041666666666664,0.13,0.0,67.89,71.2,1,1,0,0,1,0,1,0,0,1,1,0,1,0,0,0,1,0,0,0,0,1,1,1,0,0,0,0,0,0
2015-06-12,83.54041666666667,87.32125,1013.625,66.45833333333333,10.065,178.75,0.33,0.0,47.291666666666664,0.99,0.0,73.29,76.06,1,1,0,0,0,0,1,0,0,1,1,0,0,0,0,0,1,0,0,0,0,1,1,1,0,0,0,0,0,0
2015-06-13,82.36958333333332,85.45083333333334,1014.375,66.95833333333333,6.618333333333333,229.58333333333334,0.915,0.0,56.083333333333336,1.83,0.0,74.53,75.79,1,1,0,0,0,0,1,0,0,1,1,0,0,0,0,0,1,0,0,0,1,1,1,1,0,0,0,0,0,0
2015-06-14,81.89384615384614,84.97769230769231,1016.6538461538462,72.1923076923077,5.223461538461539,143.46153846153845,1.4033333333333333,0.0,58.88461538461539,12.629999999999999,0.0,71.49,77.02,0,1,0,0,0,0,1,0,1,1,0,0,0,0,0,0,1,0,0,0,1,1,1,0,0,1,0,0,1,0
2015-06-15,81.89,85.3,1015.75,75.33333333333333,6.851666666666667,220.0,0.7533333333333333,0.0,66.70833333333333,2.26,0.0,73.29,77.83,1,1,0,0,0,0,1,0,0,1,0,0,0,0,0,0,1,0,0,0,1,1,1,1,0,0,0,0,0,0
2015-06-16,83.59541666666667,87.09500000000001,1013.875,67.0,6.953749999999999,208.33333333333334,1.58,0.0,56.666666666666664,1.58,0.0,71.49,77.23,0,1,0,0,0,0,1,0,0,1,1,0,0,0,0,0,0,0,0,0,1,0,1,0,0,0,0,0,0,0
2015-06-17,79.12708333333333,80.3625,1018.125,63.0,6.77625,205.0,0.39000000000000007,0.0,67.54166666666667,1.1700000000000002,0.0,71.49,74.77,1,1,0,0,0,0,1,0,0,1,0,0,0,0,0,0,1,0,0,0,0,1,1,1,0,0,0,0,0,0
2015-06-18,77.4272,80.1644,1016.24,78.72,5.8168,112.8,2.0872727272727274,0.0,83.6,22.96,0.0,69.69,72.7,0,1,0,0,0,0,1,0,1,1,0,0,0,1,0,0,1,0,0,0,1,1,1,0,0,0,1,0,0,0
2015-06-19,78.58666666666666,80.13666666666667,1014.5833333333334,72.29166666666667,5.807916666666666,176.66666666666666,1.01,0.0,65.54166666666667,7.07,0.0,71.49,73.36,1,1,0,0,0,0,1,0,0,1,0,0,0,0,0,0,1,0,0,0,1,1,1,1,0,0,0,0,0,0
2015-06-20,79.4508,82.2436,1014.72,72.32,5.0212,167.6,0.35,0.0,70.48,1.4,0.0,71.49,76.75,1,1,0,0,0,0,1,0,1,1,0,0,0,0,0,0,1,0,0,0,0,1,1,1,0,0,0,1,0,0
2015-06-21,80.71344827586208,83.20793103448275,1009.5172413793103,75.55172413793103,9.857586206896553,234.48275862068965,0.6354545454545455,0.0,70.79310344827586,6.99,0.0,71.49,75.67,1,1,0,0,0,1,1,0,1,1,0,0,0,0,0,0,1,0,0,1,0,1,1,1,0,0,1,0,1,1
2015-06-22,83.79333333333334,85.18833333333333,1015.0416666666666,54.333333333333336,6.291666666666667,262.9166666666667,0.0,0.0,30.666666666666668,0.0,0.0,71.49,76.19,1,1,0,0,0,0,0,0,0,1,0,0,0,0,0,0,0,0,0,0,0,1,1,1,0,0,0,0,0,0
2015-06-23,84.31791666666668,88.255,1013.7083333333334,64.625,10.495,181.66666666666666,0.225,0.0,58.458333333333336,0.45,0.0,75.54,78.73,1,1,0,0,0,0,1,0,0,1,0,0,0,0,0,0,1,0,0,0,0,1,1,1,0,0,0,0,0,0
2015-06-24,76.61749999999999,77.00291666666666,1016.6666666666666,66.70833333333333,8.5475,267.9166666666667,1.1566666666666665,0.0,60.5,3.4699999999999998,0.0,67.01,69.73,1,1,0,0,0,0,1,0,0,1,0,0,0,0,0,0,1,0,0,0,1,1,1,1,0,0,0,0,0,0
2015-06-25,76.22500000000001,76.32708333333333,1017.8333333333334,58.458333333333336,4.372083333333333,173.75,0.0,0.0,54.625,0.0,0.0,62.49,71.71,1,1,0,0,0,0,0,0,0,1,1,0,0,0,0,0,0,0,0,0,0,1,1,1,0,0,0,0,0,0
2015-06-26,73.01307692307692,73.60153846153847,1014.7307692307693,76.65384615384616,6.616923076923077,158.46153846153845,5.3028571428571425,0.0,87.5,37.12,0.0,66.09,69.49,0,1,0,0,0,1,1,0,1,1,0,0,0,1,0,0,0,0,0,1,1,1,1,0,0,0,1,0,0,0
2015-06-27,71.625,72.47961538461539,1013.9230769230769,84.92307692307692,9.27576923076923,97.6923076923077,1.47625,0.0,84.84615384615384,23.62,0.0,66.09,68.83,1,1,1,0,0,1,1,0,0,1,0,0,0,1,0,1,1,0,0,1,1,1,0,1,0,0,0,0,0,0
2015-06-28,71.54807692307692,71.95538461538462,1006.8076923076923,75.61538461538461,7.785384615384615,176.92307692307693,1.95,0.0,80.76923076923077,15.6,0.0,64.29,67.75,0,1,0,0,0,1,1,0,0,1,0,0,0,1,0,0,1,0,0,1,1,1,1,0,0,0,0,0,0,0
2015-06-29,72.05125,71.54208333333334,1013.5416666666666,54.541666666666664,6.85125,202.08333333333334,0.0,0.0,23.458333333333332,0.0,0.0,57.09,63.79,1,1,0,0,0,0,0,0,0,1,1,0,0,0,0,0,0,0,0,0,0,0,1,1,0,0,0,0,0,0
2015-06-30,76.89999999999999,77.92291666666667,1012.375,68.75,8.221666666666666,187.5,0.182,0.0,43.916666666666664,0.91,0.0,67.89,71.29,1,1,0,0,0,0,1,0,0,1,1,0,0,0,0,0,1,0,0,0,0,1,1,1,0,0,0,0,0,0
2015-07-01,76.70333333333333,77.64791666666666,1010.6666666666666,70.45833333333333,7.867083333333333,177.91666666666666,0.82,0.0,54.541666666666664,4.1,0.0,67.87,68.83,1,1,0,0,0,1,1,0,0,1,1,0,0,0,0,0,1,0,0,1,1,1,1,1,0,0,0,0,0,0
2015-07-02,72.92333333333333,73.78041666666667,1012.5416666666666,81.75,3.5329166666666665,77.08333333333333,1.07,0.0,71.25,13.91,0.0,67.89,72.64,0,1,0,0,0,1,1,0,0,1,0,0,0,1,0,0,1,0,0,1,1,1,1,0,0,0,0,0,0,0
2015-07-03,71.8892,72.4748,1014.12,78.16,1.834,47.2,0.0,0.0,43.76,0.0,0.0,60.69,67.75,1,1,0,1,1,1,0,0,0,1,0,1,1,0,0,0,0,0,0,1,0,1,1,1,0,0,0,0,0,0
2015-07-04,74.3172,75.2324,1013.04,81.08,2.8832,93.2,0.48636363636363633,0.0,86.2,5.35,0.0,67.89,72.79,0,1,0,0,0,1,1,0,0,1,0,0,0,0,0,0,1,0,0,1,1,1,0,0,0,0,0,0,0,0
2015-07-05,74.75192307692308,76.15192307692308,1018.6923076923077,81.26923076923077,3.9680769230769233,84.23076923076923,0.17714285714285713,0.0,66.53846153846153,1.24,0.0,64.29,70.81,0,1,0,0,1,1,1,0,0,1,1,0,1,0,0,0,1,0,0,1,0,1,1,0,0,0,0,0,0,0
2015-07-06,78.17291666666667,80.11125,1019.125,77.83333333333333,5.490833333333334,128.33333333333334,0.5073684210526316,0.0,75.04166666666667,9.64,0.0,71.49,74.41,0,1,0,0,0,0,1,0,0,1,0,0,0,0,0,0,1,0,0,0,1,1,1,0,0,0,0,0,0,0
2015-07-07,80.07833333333333,82.37666666666667,1016.875,73.375,7.21375,174.16666666666666,0.0,0.0,43.958333333333336,0.0,0.0,71.49,74.77,0,1,0,0,0,0,0,0,0,1,1,0,0,0,0,0,0,0,0,0,0,0,1,0,0,0,0,0,0,0
2015-07-08,80.39416666666666,82.745,1015.3333333333334,72.41666666666667,7.389583333333333,189.58333333333334,1.4809090909090907,0.0,59.458333333333336,16.29,0.0,76.19,77.52,1,1,0,0,0,0,1,0,0,1,0,0,0,1,0,0,1,0,0,0,1,0,1,1,0,0,0,0,0,0
2015-07-09,81.235,84.18583333333333,1015.0416666666666,72.41666666666667,5.220416666666666,177.91666666666666,1.3399999999999999,0.0,58.75,4.02,0.0,75.33,76.93,1,1,0,0,0,0,1,0,0,1,0,0,0,0,0,0,1,0,0,0,1,1,1,1,0,0,0,0,0,0
2015-07-10,80.69958333333334,82.33375,1015.5416666666666,60.583333333333336,9.254583333333333,290.4166666666667,0.0,0.0,55.083333333333336,0.0,0.0,73.29,77.83,1,1,0,0,0,0,0,0,0,1,1,0,0,0,0,0,0,0,0,0,0,1,1,1,0,0,0,0,0,0
2015-07-11,77.3732,78.0988,1017.92,69.08,2.998,70.0,1.0,0.0,70.84,8.0,0.0,70.34,72.18,1,1,0,0,0,1,1,0,0,1,0,0,0,0,0,0,1,0,0,1,1,1,1,1,0,0,0,0,0,0
2015-07-12,76.6825,77.04541666666667,1017.6666666666666,64.41666666666667,4.28875,177.91666666666666,0.0,0.0,56.708333333333336,0.0,0.0,62.49,70.81,1,1,0,0,0,0,0,0,0,1,0,0,0,0,0,0,0,0,0,0,0,1,1,1,0,0,0,0,0,0
2015-07-13,76.38958333333333,77.03166666666667,1012.875,72.79166666666667,4.37375,160.83333333333334,0.3933333333333333,0.0,75.66666666666667,1.18,0.0,67.89,73.69,1,1,0,0,0,0,1,0,0,1,0,0,0,0,0,0,1,0,0,0,0,1,1,1,0,0,0,0,0,0
2015-07-14,78.46583333333334,80.73,1005.0833333333334,77.16666666666667,5.303333333333334,106.66666666666667,1.0733333333333333,0.0,77.29166666666667,3.2199999999999998,0.0,71.49,74.07,0,1,0,0,0,0,1,0,0,1,0,0,0,0,0,0,1,0,0,0,1,1,1,0,0,0,0,0,0,0
2015-07-15,78.11458333333333,79.24958333333333,1003.5833333333334,68.91666666666667,8.47125,252.5,0.518,0.0,60.0,2.59,0.0,69.69,73.69,0,1,0,0,0,0,1,0,0,1,1,0,0,0,0,0,1,0,0,0,1,1,1,0,0,0,0,0,0,0
2015-07-16,73.30458333333333,72.91208333333334,1015.4583333333334,55.25,8.445833333333333,171.66666666666666,0.0,0.0,18.625,0.0,0.0,62.49,66.24,1,1,0,0,0,0,0,0,0,1,1,0,0,0,0,0,0,0,0,0,0,0,1,1,0,0,0,0,0,0
2015-07-17,74.20125,74.94666666666667,1018.0833333333334,71.20833333333333,6.655833333333334,162.08333333333334,0.0,0.0,61.25,0.0,0.0,62.49,70.81,0,1,0,0,0,0,0,0,0,1,1,0,0,0,0,0,0,0,0,0,0,1,1,0,0,0,0,0,0,0
2015-07-18,80.41583333333334,84.31583333333333,1014.9583333333334,74.83333333333333,5.787916666666667,140.83333333333334,0.5,0.0,58.583333333333336,0.5,0.0,73.29,75.4,1,1,0,0,0,0,1,0,0,1,1,0,0,0,0,0,1,0,0,0,1,1,1,1,0,0,0,0,0,0
2015-07-19,84.65791666666667,89.60125,1012.0,69.875,5.4245833333333335,145.41666666666666,0.0,0.0,42.375,0.0,0.0,73.29,77.22,1,1,0,0,0,0,0,0,0,1,1,0,0,0,0,0,0,0,0,0,0,0,1,1,0,0,0,0,0,0
2015-07-20,86.15041666666667,91.0125,1008.4166666666666,64.33333333333333,6.057916666666666,190.41666666666666,0.25,0.0,35.916666666666664,0.25,0.0,78.46,79.75,1,1,0,0,0,0,1,0,0,1,0,0,0,0,0,0,1,0,0,0,0,0,1,1,0,0,0,0,0,0
2015-07-21,84.10458333333334,89.09041666666667,1005.2083333333334,68.70833333333333,4.642083333333333,197.91666666666666,1.9133333333333333,0.0,58.666666666666664,5.74,0.0,76.89,79.81,1,1,0,0,0,0,1,0,0,1,0,0,0,0,0,0,1,0,0,0,1,1,1,1,0,0,0,0,0,0
2015-07-22,78.88458333333334,78.74958333333333,1009.5833333333334,52.75,7.642916666666667,275.4166666666667,0.11,0.0,32.125,0.11,0.0,69.46,71.71,1,1,0,0,0,0,1,0,0,1,1,0,0,0,0,0,1,0,0,0,0,1,1,1,0,0,0,0,0,0
2015-07-23,76.68583333333333,76.20375,1014.5,51.25,7.018750000000001,297.0833333333333,0.0,0.0,42.583333333333336,0.0,0.0,62.49,71.71,1,1,0,0,0,0,0,0,0,1,0,0,0,0,0,0,0,0,0,0,0,0,1,1,0,0,0,0,0,0
2015-07-24,76.90875,76.19250000000001,1015.0,52.458333333333336,6.142916666666667,177.91666666666666,0.0,0.0,15.5,0.0,0.0,58.89,69.03,1,1,0,0,0,0,0,0,0,0,1,0,0,0,0,0,0,0,0,0,0,0,1,1,0,0,0,0,0,0
2015-07-25,77.65416666666667,77.86625,1015.1666666666666,58.208333333333336,5.760416666666667,108.75,0.0,0.0,50.666666666666664,0.0,0.0,62.49,72.48,1,1,0,0,0,0,0,0,0,1,1,0,0,0,0,0,0,0,0,0,0,0,1,1,0,0,0,0,0,0
2015-07-26,79.87666666666667,81.0775,1015.2083333333334,57.416666666666664,8.444166666666666,136.25,0.13,0.0,39.958333333333336,0.26,0.0,70.47,72.19,1,1,0,0,0,0,1,0,0,1,1,0,0,0,0,0,1,0,0,0,0,0,1,1,0,0,0,0,0,0
2015-07-27,79.18708333333333,81.03583333333334,1015.25,69.29166666666667,4.213333333333334,100.83333333333333,1.095,0.0,56.375,6.57,0.0,71.49,75.15,1,1,0,0,0,0,1,0,0,1,0,0,0,1,0,0,1,0,0,0,1,1,1,1,0,0,0,0,0,0
2015-07-28,80.60541666666667,83.37833333333333,1015.875,75.08333333333333,3.6454166666666663,77.91666666666667,0.15333333333333335,0.0,44.5,0.46,0.0,71.49,76.66,1,1,0,0,0,0,1,0,0,1,1,0,0,0,0,0,1,0,0,0,0,0,1,1,0,0,0,0,0,0
2015-07-29,80.59916666666668,83.98041666666667,1015.5,76.5,7.019166666666667,145.0,0.7466666666666667,0.0,51.666666666666664,4.48,0.0,71.49,77.32,0,1,0,0,0,0,1,0,0,1,0,0,0,0,0,0,1,0,0,0,1,0,1,0,0,0,0,0,0,0
2015-07-30,81.95333333333333,86.60708333333334,1012.9583333333334,74.20833333333333,8.975,187.08333333333334,1.3733333333333333,0.0,61.666666666666664,4.12,0.0,76.53,78.69,0,1,0,0,0,0,1,0,1,1,0,0,0,1,0,0,1,0,0,0,1,1,1,0,0,0,0,0,1,0
2015-07-31,80.17,80.29916666666666,1012.8333333333334,62.0,6.0495833333333335,221.25,0.0,0.0,25.541666666666668,0.0,0.0,66.09,73.69,1,1,0,0,0,0,0,0,0,1,1,0,0,0,0,0,0,0,0,0,0,1,1,1,0,0,0,0,0,0
2015-08-01,80.28416666666666,80.5825,1011.5416666666666,56.041666666666664,6.552499999999999,237.08333333333334,0.0,0.0,35.458333333333336,0.0,0.0,67.89,73.69,1,1,0,0,0,0,0,0,0,1,1,0,0,0,0,0,0,0,0,0,0,1,1,1,0,0,0,0,0,0
2015-08-02,78.91958333333334,78.51083333333334,1013.2916666666666,53.291666666666664,5.687083333333334,218.75,0.0,0.0,44.25,0.0,0.0,62.49,73.42,1,1,0,0,0,0,0,0,0,1,1,0,0,0,0,0,0,0,0,0,0,0,1,1,0,0,0,0,0,0
2015-08-03,79.81666666666666,80.135,1011.5,56.833333333333336,8.65875,184.58333333333334,0.0,0.0,29.666666666666668,0.0,0.0,64.29,71.71,1,1,0,0,0,0,0,0,0,1,1,0,0,0,0,0,0,0,0,0,0,0,1,1,0,0,0,0,0,0
2015-08-04,82.29625,83.05166666666666,1011.9166666666666,54.833333333333336,6.534583333333334,196.66666666666666,0.7066666666666667,0.0,40.083333333333336,2.12,0.0,71.49,73.58,1,1,0,0,1,0,1,0,0,1,1,0,1,0,0,0,1,0,0,0,0,0,1,1,0,0,0,0,0,0
2015-08-05,79.72958333333334,79.98625,1013.875,66.83333333333333,5.275416666666667,202.5,0.28,0.0,46.708333333333336,0.28,0.0,69.53,72.7,1,1,0,0,0,0,1,0,0,1,1,0,0,0,0,0,1,0,0,0,0,1,1,1,0,0,0,0,0,0
2015-08-06,76.91916666666667,77.18708333333333,1014.5416666666666,57.958333333333336,6.059166666666666,170.83333333333334,0.17,0.0,74.375,0.17,0.0,64.29,71.15,0,1,0,0,0,0,1,0,0,1,0,0,0,0,0,0,1,0,0,0,0,1,1,0,0,0,0,0,0,0
2015-08-07,73.52541666666666,73.87333333333333,1011.7916666666666,70.375,7.362916666666667,61.666666666666664,0.6091666666666667,0.0,90.0,7.3100000000000005,0.0,67.89,70.38,0,1,0,0,0,0,1,0,0,0,0,0,0,0,0,0,1,0,0,0,1,1,0,0,0,0,0,0,0,0
2015-08-08,75.75125,75.97416666666668,1013.7083333333334,62.875,5.378333333333334,44.583333333333336,0.16,0.0,63.625,0.16,0.0,66.09,71.55,1,1,0,0,0,0,1,0,0,1,0,0,0,0,0,0,1,0,0,0,0,1,1,1,0,0,0,0,0,0
2015-08-09,75.86041666666667,76.2025,1015.625,64.25,4.884583333333333,109.16666666666667,0.0,0.0,57.375,0.0,0.0,64.29,69.3,1,1,0,0,0,0,0,0,0,1,0,0,0,0,0,0,0,0,0,0,0,1,1,1,0,0,0,0,0,0
2015-08-10,74.3775,74.94666666666667,1016.0416666666666,73.16666666666667,9.479583333333332,165.0,0.5,0.0,87.91666666666667,0.5,0.0,69.69,72.05,0,1,0,0,0,0,1,0,0,0,0,0,0,0,0,0,1,0,0,0,0,1,1,0,0,0,0,0,0,0
2015-08-11,76.85814814814815,78.58111111111111,1010.2962962962963,79.62962962962963,10.687407407407408,217.40740740740742,1.5610526315789475,0.0,76.66666666666667,29.66,0.0,71.49,72.84,0,1,1,0,0,1,1,0,0,1,0,0,0,1,0,1,1,0,0,1,1,1,1,0,0,0,0,0,0,0
2015-08-12,76.78166666666667,76.89458333333333,1012.3333333333334,60.541666666666664,8.454166666666667,245.41666666666666,0.0,0.0,43.25,0.0,0.0,68.04,70.81,1,1,0,0,0,0,0,0,0,1,1,0,0,0,0,0,0,0,0,0,0,1,1,1,0,0,0,0,0,0
2015-08-13,74.47500000000001,73.93833333333333,1017.5416666666666,52.958333333333336,7.110833333333333,312.0833333333333,0.0,0.0,39.458333333333336,0.0,0.0,64.29,67.75,1,1,0,0,0,0,0,0,0,1,1,0,0,0,0,0,0,0,0,0,0,1,1,1,0,0,0,0,0,0
2015-08-14,74.28916666666667,73.78458333333333,1021.2916666666666,57.708333333333336,3.6545833333333335,111.25,0.0,0.0,26.5,0.0,0.0,57.09,64.85,1,1,0,0,0,0,0,0,0,1,1,0,0,0,0,0,0,0,0,0,0,0,1,1,0,0,0,0,0,0
2015-08-15,76.50666666666667,76.59333333333333,1020.7916666666666,60.958333333333336,7.22375,188.75,0.0,0.0,27.916666666666668,0.0,0.0,62.49,67.75,1,1,0,0,0,0,0,0,0,1,1,0,0,0,0,0,0,0,0,0,0,0,1,1,0,0,0,0,0,0
2015-08-16,78.25375,78.65625,1020.75,60.416666666666664,6.72,166.66666666666666,0.11,0.0,30.916666666666668,0.11,0.0,62.49,68.83,1,1,0,0,0,0,1,0,0,0,1,0,0,0,0,0,1,0,0,0,0,0,1,1,0,0,0,0,0,0
2015-08-17,80.62083333333334,82.13208333333334,1019.2083333333334,62.708333333333336,7.195,166.25,0.0,0.0,16.958333333333332,0.0,0.0,69.69,70.72,1,1,0,0,0,0,0,0,0,0,1,0,0,0,0,0,0,0,0,0,0,0,1,1,0,0,0,0,0,0
2015-08-18,80.04666666666667,82.61375,1016.4583333333334,70.29166666666667,6.646249999999999,140.41666666666666,0.43,0.0,71.45833333333333,1.29,0.0,69.69,73.69,0,1,0,0,0,0,1,0,0,1,1,0,0,0,0,0,1,0,0,0,0,1,1,0,0,0,0,0,0,0
2015-08-19,80.85125000000001,83.03708333333333,1015.125,70.83333333333333,9.384583333333333,169.58333333333334,0.16,0.0,72.125,0.32,0.0,73.29,76.75,1,1,0,0,0,0,1,0,0,1,0,0,0,0,0,0,1,0,0,0,0,1,1,1,0,0,0,0,0,0
2015-08-20,79.81791666666668,82.95875,1013.5833333333334,79.08333333333333,7.949583333333333,152.08333333333334,0.3425,0.0,79.375,2.74,0.0,75.56,76.89,0,1,0,0,0,0,1,0,0,1,0,0,0,0,0,0,1,0,0,0,1,1,1,0,0,0,0,0,0,0
2015-08-21,77.47333333333333,77.76458333333333,1016.5,65.79166666666667,8.5375,271.6666666666667,2.645,0.0,53.541666666666664,5.29,0.0,69.69,71.74,0,1,0,0,0,0,1,0,0,1,1,0,0,1,0,0,1,0,0,0,0,0,1,0,0,0,0,0,0,0
2015-08-22,74.395,73.91833333333334,1019.4166666666666,54.958333333333336,6.31,221.66666666666666,0.0,0.0,33.083333333333336,0.0,0.0,62.49,65.8,1,1,0,0,0,0,0,0,0,1,1,0,0,0,0,0,0,0,0,0,0,0,1,1,0,0,0,0,0,0
2015-08-23,73.28958333333334,72.92458333333333,1016.7916666666666,57.625,4.670416666666667,167.91666666666666,0.27,0.0,36.416666666666664,0.27,0.0,57.09,65.03,1,1,0,0,0,0,1,0,0,1,1,0,0,0,0,0,1,0,0,0,0,0,1,1,0,0,0,0,0,0
2015-08-24,77.99708333333334,79.31833333333334,1012.4166666666666,63.666666666666664,7.34375,177.91666666666666,0.955,0.0,52.916666666666664,1.91,0.0,67.89,71.65,0,1,0,0,0,0,1,0,0,1,1,0,0,0,0,0,1,0,0,0,1,1,1,0,0,0,0,0,0,0
2015-08-25,76.65923076923077,76.90346153846154,1012.1538461538462,65.8076923076923,9.110384615384616,261.53846153846155,4.138,0.0,45.57692307692308,20.689999999999998,0.0,67.8,68.92,0,1,0,0,0,1,1,0,1,1,1,0,0,1,0,0,1,0,0,1,1,1,1,0,0,0,1,0,0,0
2015-08-26,73.92416666666666,73.505,1016.0416666666666,51.208333333333336,8.295,303.75,0.0,0.0,52.083333333333336,0.0,0.0,66.16,67.01,0,1,0,0,0,0,0,0,0,1,1,0,0,0,0,0,0,0,0,0,0,0,1,0,0,0,0,0,0,0
2015-08-27,71.69875,71.27458333333333,1019.0833333333334,55.916666666666664,7.120833333333334,230.0,0.0,0.0,35.0,0.0,0.0,58.89,63.79,1,1,0,0,0,0,0,0,0,1,1,0,0,0,0,0,0,0,0,0,0,0,1,1,0,0,0,0,0,0
2015-08-28,72.43416666666667,72.33749999999999,1021.5833333333334,62.75,3.7391666666666663,102.08333333333333,0.0,0.0,36.708333333333336,0.0,0.0,58.89,64.89,1,1,0,0,0,0,0,0,0,1,1,0,0,0,0,0,0,0,0,0,0,0,1,1,0,0,0,0,0,0
2015-08-29,75.31916666666667,75.36708333333333,1022.0833333333334,61.583333333333336,7.932916666666666,177.08333333333334,0.0,0.0,52.75,0.0,0.0,62.49,66.88,1,1,0,0,0,0,0,0,0,1,1,0,0,0,0,0,0,0,0,0,0,0,1,1,0,0,0,0,0,0
2015-08-30,76.76541666666667,77.87083333333334,1019.625,66.54166666666667,8.154583333333333,180.41666666666666,0.0,0.0,70.25,0.0,0.0,67.53,68.4,1,1,0,0,0,0,0,0,0,1,0,0,0,0,0,0,0,0,0,0,0,1,1,1,0,0,0,0,0,0
2015-08-31,80.93875,82.485,1018.4166666666666,61.166666666666664,8.06125,190.0,0.26,0.0,81.875,0.26,0.0,74.71,75.38,0,1,0,0,0,0,1,0,0,1,0,0,0,0,0,0,1,0,0,0,0,1,1,0,0,0,0,0,0,0
